title,publish_date,text
2023 å¹´æœ€ä½³è¾¹åŠ¨è¾¹èµšå‹ (Move to Earn) åŠ å¯†è´§å¸é¡¹ç›®,2022-12-17 18:24:00+00:00,"[{'summary_text': 'STEPN â€“  (Move-to-Earn)   FightOut â€“ (M2E) â€“ TAMA , TAMA(),IBAT  Battle Stake â€“ Battle Infinity .  DOSE â€“ OliveX â€”  M2E  Tamadoge â€”, ETH  USDT  GENE  2021  11  35 ; 13 '}]"
2022 å¹´ 5 ä¸ªæœ€ä½³çš„é•¿æœŸæŠ•èµ„å‹åŠ å¯†è´§å¸é¡¹ç›®,2022-10-08 15:04:00+00:00,"[{'summary_text': ' Battle Infinity â€“   Silks  2022  5 , NFT  Axie Infinity, (Play-to-Earn)  (My Neighbor Alice) eToro  Alice (in-game assets), (DeFi): IBAT  â€œIBATâ€ (BUY Wallet) 3 :: â€œâ€ â€â€ (Confirm)'}]"
2023 å¹´ 8 ä¸ªæœ€ä½³å…ƒå®‡å®™èµŒåœº,2022-12-04 12:34:00+00:00,"[{'summary_text': 'Game â€“  BC.Game  2018 ,  BCD  â€”  (Cashback) . Game  Sandbox  66 LAND NFT,Sandbox NFT  2,700 ; â€“, (Finance Coin) (),BCD â€“ (), BC .Game:  2023  Lucky Block â€“ 10  10 LBLOCK '}]"
æ¯”ç‰¹å¸æ–°é—»,,"[{'summary_text': ', ()  . () (), .,..'}]"
ä»¥å¤ªåŠæ–°é—»,,"[{'summary_text': 'Crypto 2.0 ,.  ., â€œâ€ (ETH) .'}]"
NFT News,,"[{'summary_text': 'Pixabay , (NFT) . :â€œ ,, â€œâ€ ...'}]"
DeFi News,,"[{'summary_text': 'Euler Finance  2  BlockSec ,Euler Finance 24  7,737 ETH, 58,737...'}]"
æ›¿ä»£å¸æ–°é—»,,[{'summary_text': 'EtherDashMoneroNeoAda .'}]
åŒºå—é“¾æ–°é—»,,"[{'summary_text': '?, (),,  . !,! .'}]"
æ–°é—»å‘å¸ƒ,,"[{'summary_text': '2024517Wiki Finance Expo2024,Web 3.0(NFTs(ESG)sky100.Cryptonews:https://www.wikiexpo.com/HongKong/2024/en/hkexpo.html.'}]"
èµåŠ©,,"[{'summary_text': ', -  VIP . .. .'}]"
Cryptonews Deals,,"[{'summary_text': 'StormGain, 2021,100 /2019,Storm Gain . SHIBDOGEICPAMCGMETLRY.'}]"
äº§ä¸šå¯¹è°ˆ,,"[{'summary_text': ""[cur_year],  ., ,' ..""}]"
Quick Reviews,,"[{'summary_text': 'Alex Svanevik  2019  10 , Nansen  CEO106 . DeFiRWA  Web3.0 SocialFiNFT ...'}]"
Finance News,,"[{'summary_text': 'ETF,(SEC),FOMO():â€œ,  .. :,â€™,.'}]"
Technology News,,"[{'summary_text': 'Sam Altman,, OpenAI ,Altman . Altman  X ( ChatGPT) Ardoino .'}]"
å°åº¦ç”¨æˆ·è½¬å‘å…¨çƒåŠ å¯†äº¤æ˜“æ‰€é¿ç¨ è‹¹æœå°åº¦ä¸‹æ¶8é—´å…¨çƒäº¤æ˜“æ‰€ç¨‹å¼,2024-01-10 08:09:45+00:00,"[{'summary_text': '8 202312,â€”, ,,,(Binance)KrakenMEXCKucoinHuobiGate.ioBittrexBitstrx  ()Bitfinex . . â€“ ; - Tech Crunch .. â€“,30% ,1%,â€™,.'}]"
åŒºå—é“¾æ–°é—»,,"[{'summary_text': '?, (),,  . !,! .'}]"
æ¯”ç‰¹å¸è¿æ¥8å¹´æ¥æœŸå¾…çš„ç‰›å¸‚äº¤å‰ é‡æ¼”2016å¹´è¾‰ç…Œè¡Œæƒ…,2024-01-10 05:00:41+00:00,"[{'summary_text': '8 2016,ETF, ,,8,,2016 . :â€œ$BTC ?â€  ,20000 Moustache.: â€Â£BTC?â€œ ;â€œ110.'}]"
æ¯”ç‰¹å¸æ–°é—»,,"[{'summary_text': ', ()  . () (), .,..'}]"
ä¹Œå…‹å…°ä¸­å¤®é“¶è¡Œç§°ã€ŒåŠ å¯†è´§å¸ä¸æ˜¯é‡‘é’±ã€ å£°ç§°å°†è§„èŒƒè¯¥é¢†åŸŸ,2024-01-10 03:25:16+00:00,"[{'summary_text': ' (NBU),â€œâ€ . NBUKateryna Rozhkova My-Ukraina .'}]"
CFTCå§”å‘˜ä¼šå»ºè®®åŠ å¼ºå¯¹DeFiçš„ç†è§£å’Œç›‘ç®¡,2024-01-10 00:00:12+00:00,[{'summary_text': '@CFTCâ€™s TAC has adopted its report on DeFi nearly unanimously (14-1) This represents the first major report by a government advisory committee and is arguably the most comprehensive review of DeFi by any U.S government agency thus far .'}]
DeFi News,,"[{'summary_text': 'Euler Finance  2  BlockSec ,Euler Finance 24  7,737 ETH, 58,737...'}]"
"Judge Approves Settlement: Binance to Pay $1.5 Billion to CFTC, CZ to Pay $150 Million Fine",2023-12-19 05:55:14+00:00,"[{'summary_text': 'In a significant legal development, Judge Manish Shah of the U.S. District Court for the Northern District of Illinois has issued a verdict ordering Binance and its former CEO, Changpeng â€œCZâ€ Zhao to pay a staggering $2.85 billion to the Commodity Futures Trading Commission (CFTC) The court order imposes additional obligations on Zhao and Binance, requiring them to provide certifications regarding the existence, application, and efficacy of Binanceâ€™s enhanced compliance controls .'}]"
,,[{'summary_text': ': . :: ! !. !! .. .'}]
ç¾å›½SEC Xå¸æˆ·è¢«éª‡å‘æ”¾å‡æ¶ˆæ¯ æŒ‡æ‰¹å‡†æ¯”ç‰¹å¸ETFä¸Šå¸‚,2024-01-09 22:13:08+00:00,"[{'summary_text': '@SECGov twitter account was compromised, and an unauthorized tweet was posted . The SEC has not approved the listing and trading of spot bitcoin exchange-traded products .'}]"
å°æ¹¾é‡‘ç®¡ä¼šå‡ºæ‰‹ ACEäº¤æ˜“æ‰€æœ€é‡å¯ç½š1000ä¸‡å°å¸,2024-01-09 16:33:47+00:00,"[{'summary_text': ""ACE1000 19, ACE,ACE .(9),15ACE. .  ',' ,,â€™,501000.""}]"
Finance News,,"[{'summary_text': 'ETF,(SEC),FOMO():â€œ,  .. :,â€™,.'}]"
åŠ å¯†è´§å¸KOLå‡Œæ™¨å‘å¥‡æ€ªç¿»è¯‘å¸–æ–‡å¹¶é™„ç½‘ç»œé’“é±¼é“¾æ¥,2024-01-09 03:36:05+00:00,"[{'summary_text': ""KOL  0xWizard,XPinkdrainer ., ,X - X. :,0xVizarde â€“,186 â€”,, ... ! / & ? _ ',' ,,â€™ ; â€™,â€˜ a l""}]"
SECä¸»å¸­æ°ä¼ŠÂ·å…‹è±é¡¿è¡¨ç¤ºæ¯”ç‰¹å¸ETFæ‰¹å‡†æ˜¯ä¸å¯é¿å…,2024-01-09 03:00:53+00:00,"[{'summary_text': 'SECETF ,, SEC(Jay Clayton) .,Ã‰ETF  â€œâ€ â€œ,â€Squawk Boxâ€œâ€. â€“ ? .'}]"
åŠ å¯†KOL 0xWizard Xè´¦æˆ·è¢«ç›—å‘å¸ƒé’“é±¼é“¾æ¥,,[{'summary_text': '  3 ! .  () ()!'}]
SECä¸»å¸­æ·±å¤œçªå‘æ–‡æš—ç¤ºæ¯”ç‰¹å¸ETFå°†é€šè¿‡,,"[{'summary_text': ""SECETF SECGary Gensler,,Gensler', .""}]"
Bonk1æœˆ6æ—¥å†è·Œ6% æ¨¡å› å¸çƒ­æ½®æ­£è¤ªå»ï¼Ÿ,,[{'summary_text': '  3 ! .  () ()!'}]
ç½‘ä¼ å¤§é‡çŠ¯æ¡ˆåŠ å¯†è´§å¸ ç»æ±Ÿè¥¿è­¦æ–¹æµå…¥å¸‚åœº,,"[{'summary_text': '.  , .,., ..'}]"
BlackRockæ¯”ç‰¹å¸ETFç­‰å¾…ç»¿ç¯ é¢„è®¡æœ¬å‘¨ä¸‰è·æ‰¹å‡†,2024-01-08 05:00:02+00:00,"[{'summary_text': 'BlackRockETF (ETF),,(SEC)().  (ETF) ., (SEC), () ., ,S-1 ,SEC(Eric Balchunas, 0.47%.'}]"
æ›¿ä»£å¸æ–°é—»,,[{'summary_text': 'EtherDashMoneroNeoAda .'}]
ç¾åœ‹SECåœ¨Coinbaseå’ŒBinanceçš„è£æ±ºä¸­å¼•ç”¨Terraformæ¡ˆä¾‹,2024-01-05 10:00:06+00:00,"[{'summary_text': 'SECCoinbaseBinanceTerraform (SEC) Coinbase ,Bineance, terraform LabsUSTLUNA .,BUSDBNBSimple Earns -,,SEC -BBBINance.â€BUSD 2023,Cinbaseâ€™,2024 Binance USD(BUSD) â€“'}]"
"æ¯”ç‰¹å¸çŸ¿ä¸šå…¬å¸é€šè¿‡å¢åŠ 16,700å°æ–°æ¯”ç‰¹å¸çŸ¿æœºæå‡äº§èƒ½",2024-01-05 05:00:11+00:00,"[{'summary_text': 'Cipher Mining 16,700,, Avalon A1466BearChief Mountain LLCCanaan .,$CIFR  Bear  Chief  60 , Canaan  16,000 .., 8.4 (EH/s) Cipher mining â€“ 202413,Bear Chilf - 30'}]"
åˆä»£ç±³å¥‡ç‰ˆæƒåˆ°æœŸ OpenSeaç¬¬äºŒã€ä¸‰ä½å‡æ˜¯ç±³å¥‡ä½œå“ å¤ªåŠåŒºå—é“¾ç±³å¥‡ä»£å¸åŒæ ·ç«çƒ­,2024-01-04 08:26:25+00:00,"[{'summary_text': ' Web3NFT,nFTOpenSea(Mickey Mouse) . nf, Nf()ETH 0.08; ,NFT, (),$MICKEY,8200.'}]"
ä¸Šæµ·ç¨åŠ¡å±€æ–‡ç« éœ‡æƒŠå¸‚åœº ã€Œä¸ªäººä¹°å–è™šæ‹Ÿè´§å¸é¡»çº³ç¨ã€,2024-01-08 09:15:23+00:00,"[{'summary_text': ':,  :â€œâ€(200184) . - â€“  (2008818) ., ,,,â€™,â€˜â€â€™ \xad .'}]"
æ¸£æ‰“é“¶è¡Œé¢„æµ‹ï¼šç°è´§æ¯”ç‰¹å¸ETFå¯èƒ½ä¼šåœ¨å°†æ¯”ç‰¹å¸ä»·æ ¼æ¨è‡³20ä¸‡,2024-01-09 06:59:56+00:00,"[{'summary_text': 'Standard Chartered says $50-$100 BILLION could flow into #Bitcoin ETFs in 2024 pic.twitter.com/yQobJcs6EA . Bitcoin Archive (@BTC_Archive) January 8, 2024 .'}]"
SECå†æ¬¡é‡æ¨æ—§æ–‡å‘¼åå‹¿â€œå®³æ€•é”™è¿‡â€ å¸‚åœºæ¨æµ‹æ¯”ç‰¹å¸ETFå°†é€šè¿‡,2024-01-08 15:41:40+00:00,"[{'summary_text': ""SECâ€œâ€ ETF,(SEC)(FOMO), ,, â€â€,â€â€œâ€,,â€œ,â€™,,â€“,â€œâ€œ,â€,â€˜â€â€â€˜â€˜,â€™â€˜â€˜â€˜â€™â€™â€™â€˜â€˜â€˜â€™â€™â€™â€˜ .â€™ â€™'â€™â€œâ€™â€â€™â€“â€™ â€“â€™â€™â€“,""}]"
æ¯”ç‰¹å¸åˆæ³•å’Œè¢«ç¦æ­¢çš„å›½å®¶,,[{'summary_text': '  3 ! .  () ()!'}]
ä½¿ç”¨æ¯”ç‰¹å¸å®‰å…¨å—ï¼Ÿ,,"[{'summary_text': "": ,  â€“ ? () â€”  () . ., ; - ! ... / : & ? !  | ,,' /??,?""}]"
ä¸‰ç§ä»¥å¤ªå¸é’±åŒ…çš„è®¾ç½®æ–¹æ³•,,"[{'summary_text': '(ETH),,, â€œâ€ .  ,: 3) â€“, () -,() â€“ .,â€™, ...  (ETH), ,,â€ â€..'}]"
åŠ å¯†è´§å¸äº¤æ˜“ç­–ç•¥å…¥é—¨æŒ‡å—,,"[{'summary_text': 'Bitcointalk.org  HODL :Bitcointalk ,Hodl,  (hodlers) paper wallets  Ledger Trezor () . BitcoinTalk.org (),  Bitcointalk .org, /,eToro () Coinpaprika, ( ) Coinmarketcal ().'}]"
Ledger Nano S è¯„æµ‹(2019)ï¼šä¼˜ç‚¹å’Œç¼ºç‚¹,,[{'summary_text': '  3 ! .  () ()!'}]
"æ¯”ç‰¹å¹£åƒ¹æ ¼é æ¸¬ï¼šå¤šå€‹ETFæ‰¹å‡†æˆªæ­¢æ—¥æœŸè‡¨è¿‘ â€“ å³å°‡è¿ä¾†ç¬é–“é£†å‡è‡³50,000ç¾å…ƒï¼Ÿ",2024-01-07 00:00:52+00:00,[{'summary_text': 'Bitcoin whale activity hits two-year high as market eyes SEC ETF decision https://t.co/EOAWKChBdZ â€” DJ Peter Vas .'}]
éšç€æ¯”ç‰¹å¸ä»·æ ¼æ¢å¤è‡³43000ç¾å…ƒ 50000ç¾å…ƒåœ¨æœ›å—ï¼Ÿ,2024-01-06 01:00:26+00:00,"[{'summary_text': ',(BTC/USD), 15 . 4295 ,:50,000? BTC 43,120 -,,,444,23544,87745,966 â€“,..'}]"
Matrixportä¸€å¤œä¹‹é—´æ”¹å˜ç«‹åœºåšç©ºæ¯”ç‰¹å¸ å´å¿Œå¯’æŒ‡å¹¿æ³›ä¼ æ’­éæœ¬æ„,2024-01-05 03:56:24+00:00,"[{'summary_text': 'Matrixport Matrixport13,(SEC) (ETF),36,000 38,000 . Jihan Wu (@JihanWu)) January 3, 2024 .'}]"
åˆ†æå¸ˆæ ¼ä¼¦Â·å¤å¾·æ›¼ï¼šæ¯”ç‰¹å¸ETFå·²å……åˆ†åæ˜ åœ¨ä»·æ ¼ä¸­,2024-01-04 07:00:43+00:00,"[{'summary_text': ':ETF ,(Gary Gensler)(SEC):â€œ!â€ETF  ,, SEC . .,BitGo( Steve Scott)AJ Nary: â€œ[SEC],Ã‰,â€˜â€˜,â€  â€œâ€, â€“,â€œâ€ â€”,â€œ,â€,â€˜,â€™,Â«'}]"
é«˜ç››è¡¨ç¤ºæœ‰å…´è¶£æˆä¸ºè´è±å¾·å’Œç°åº¦ç°è´§æ¯”ç‰¹å¸ETFçš„æˆæƒå‚ä¸è€…,2024-01-04 04:00:57+00:00,[{'summary_text': 'The sudden dip in Bitcoinâ€™s value came amidst a new report from investment services provider Matrixport . The U.S. Securities and Exchange Commission (SEC) would come to reject all spot Bitcoin ETF hopefuls . I have more time than usual for writing .'}]
MatrixportæŠ¥å‘Šï¼šSECä¸€æœˆå°†æ‹’ç»æ¯”ç‰¹å¸ç°è´§ETFé€šè¿‡,2024-01-03 14:09:42+00:00,"[{'summary_text': ""Matrixport:SECETF 36,000,(SEC)(ETF),15, SEC,38,000 28,000 . Matrixport;SEC'ETF,202422,000, .,26,000/38,000. .""}]"
æ¯”ç‰¹å¸ä»·æ ¼çªç ´4.5ä¸‡ç¾å…ƒ äººå·¥æ™ºèƒ½é¢„æµ‹è¾¾10ä¸‡ç¾å…ƒ,2024-01-02 11:45:34+00:00,"[{'summary_text': 'ChatGPTAI10 AIChatGPT-4,, 2024 10 . (Donald Trump)(BTC)44Ã¢â‚¬TM, Ã¢â‚¬â€œâ€,Ã¢â‚¬,Ã¢â‚¬Ã¢Ã¢Ã¢â‚¬â€˜Ã¢â€Ã¢ Ã¢â€œÃ¢â€Ã¢,Ã¢Ã®Ã¢â‚¬Ã¢Ã¢Ã®Ã¢Ã¢Ã¢ Ã¢Ã¢â€Ã¢Ã¢,Ã¢Ã¢Ã®Ã®'}]"
"æ¯”ç‰¹å¸ä»·æ ¼æš´æ¶¨è‡³45,000ç¾å…ƒ ç­‰å¾…SECæ‰¹å‡†æ¯”ç‰¹å¸ETF",2024-01-02 11:33:22+00:00,"[{'summary_text': '45,000,20224 (SEC)(ETF),CoinMarketCap . 45,435, 247%,â€œSEC â€“,â€ SEC â€“ SECETF,VanEckGabor Gurbacks:â€œ,â€“ETF â€“ :â€œ,,â€™,,â€˜SECâ€™ .'}]"
SECæš—ç¤ºè®¤å¯ä»¥å¤ªåŠä¸ºå•†å“ ä¸ºETFé“ºå¹³é“è·¯,2024-01-06 11:00:06+00:00,"[{'summary_text': 'Seyffart,VanEckProShareBitwiseValkyrie ,6SECETF â€“ SEC( Gary Gensler â€“ .(CFTC) â€“  ,(SEC)(Grengensler), (Solana(SOL),Cardano(ADA),Polygon(MATIC),(MTIC)Poligon (MA'}]"
ä»¥å¤ªåŠæ–°é—»,,"[{'summary_text': 'Crypto 2.0 ,.  ., â€œâ€ (ETH) .'}]"
ETH Hong Kong 2023å®Œæ»¡è½å¹• Vitalik Buterinï¼ˆVç¥)å‡ºä»»è®²è€…2500åå‚ä¸è€…é€¾åŠæ¥è‡ªå›½é™…,2023-10-30 02:00:26+00:00,"[{'summary_text': ""Vitalik Buterin(V)1023ETH Hong Kong ,,V, V FACEBOOKTWITTER(X) ., USDB ,: - ETH202384 . :  ETH 2023,ScrollPolygon,20,',Web3,, Web3.""}]"
å‰‘æ¡¥å¤§å­¦ç ”ç©¶æ˜¾ç¤ºä»¥å¤ªåŠç½‘è·¯è‡ªå…¶è¯ç”Ÿè‡³å»å¹´åˆå¹¶å‰çš„èƒ½æºæ¶ˆè€—é‡ä¸ç‘å£«å…¨å›½åŒæ—¶æœŸçš„æ¯å¹´æ¶ˆè€—é‡ç›¸å½“,2023-04-30 02:08:00+00:00,"[{'summary_text': 'Alexander NeumÃ¼ller , CCAF   (a raspberry), Merdeka 118 (a raspberry) (CCAF) .'}]"
åœ¨ä»¥å¤ªåŠçš„ä¸Šæµ· (Shapella) å‡çº§åï¼Œä¸»è¦äº¤æ˜“æ‰€ Kraken å°†è§£é™¤è´¨æŠ¼è¶…è¿‡ 10 äº¿ç¾å…ƒçš„ ETH â€” æ¥ä¸‹æ¥ä¼šå‘ç”Ÿä»€ä¹ˆå‘¢ï¼Ÿ,2023-04-15 22:50:00+00:00,"[{'summary_text': 'Shapella , Kraken  10  ETH â€” ?  (Shanghai)(Capella ) (ETH)  UTC  09:00,Kraken /ETH 63.2%, Nansen,Coinbase  10.8% .'}]"
ä»¥å¤ªåŠçš„å¹´åº¦åŒ–é€šè´§ç´§ç¼©ç‡ (Annualized Deflation Rate) çŸ­æš‚åœ°è¶…è¿‡ 5% â€” è¿™å°†å¦‚ä½•å½±å“ ETH ä»·æ ¼,2023-03-19 04:00:00+00:00,"[{'summary_text': ' ETH  (ETH) ,  1559  5  5.679%, 0.578%, 5.101%, 3  15, 1.75% . : 1700 ., 1600 ; . ... , (EIP) 1559 2021  8 ( 0.55%).'}]"
ä»¥å¤ªåŠçš„ä¸Šæµ·ç¡¬åˆ†å‰ (Shanghai Hard Fork) ç°å·²å…¬å¸ƒå…¶ç›®æ ‡æ—¥æœŸï¼šè´¨æŠ¼ä¸­çš„ ETH å³å°†å¯ä»¥æé¢†,2023-03-19 00:30:00+00:00,"[{'summary_text': 'Tim Beiko  Twitter , 6209536   (Shanghai Hard Fork) : ETH, 4  12 . . (PoS) â€“ ETH () () .'}]"
ä»¥å¤ªåŠå¼€å‘äººå‘˜æ­£å¯åŠ¨è¢«ç§°ä¸ºâ€œæµ™æ±Ÿâ€çš„ä¸€ä¸ªå´­æ–° ETH ææ¬¾æµ‹è¯•ç½‘,2023-02-02 10:00:00+00:00,"[{'summary_text': 'Marius Van Der Wijden   EVM  (EOF) ,,EOF .  â€œâ€ ETH (EIP)-4895 .'}]"
ä»¥å¤ªåŠåˆ›åŠäºº Vitalik Buterin æå‡ºâ€œéšå½¢åœ°å€â€ç³»ç»Ÿä»¥å¢å¼ºåŒºå—é“¾ä¹‹éšç§ â€” è¿™æ˜¯å®ƒçš„å·¥ä½œåŸç†,2023-01-26 06:00:00+00:00,"[{'summary_text': 'Vitalik Buterin â€œâ€, ,Buterin â€” â€”  .  (meta-addresses) ., (spending key) . Buterin Diffie-Hellman  Anderin .'}]"
æ¯”ç‰¹å¸åŒºå—é“¾åˆ›ä¸‹æ–°çºªå½•ï¼š2023å¹´12æœˆNFTé”€å”®é¦–çªç ´8.81äº¿ç¾å…ƒ,2024-01-02 05:00:19+00:00,"[{'summary_text': 'NFT8,812,237,53.92, 111,71398,744 . nFT,Ordinal, NFT.'}]"
NFT News,,"[{'summary_text': 'Pixabay , (NFT) . :â€œ ,, â€œâ€ ...'}]"
å°½ç®¡åŠ å¯†ç¦ä»¤ ä¸­å›½å·¥ä¿¡éƒ¨åŠ›ä¿ƒNFTå’ŒDappå¢é•¿,2023-12-20 11:25:03+00:00,"[{'summary_text': 'NFTDapp ,Web3(Dapps) . :, (NFT)(dapps). ..Web3, (DID).'}]"
ä¸­å›½å°†ç›—å–NFTå’Œæ•°å­—æ”¶è—å“åˆ—ä¸ºçŠ¯ç½ªè¡Œä¸º,2023-11-12 01:00:18+00:00,"[{'summary_text': 'NFT ,, (nFT) . :â€œ.â€ â€œâ€ â€“ â€™, ()  280( 3.84),3â€â€NFT .'}]"
è‰ºæœ¯å“æ‹å–ä¸šå·¨å¤´è‹å¯Œæ¯” (Sothebyâ€™s) æ¨å‡ºé“¾ä¸Šçš„ NFT äºŒçº§å¸‚åœº,2023-05-03 05:00:00+00:00,"[{'summary_text': ' (Sothebyâ€™s)  NFT  , ETH  MATIC (MATIC), Web3 . :,â€œNFT â€“ NFT,â€ (Forbes),â€˜NFTâ€™, (NFT) â€“ ; (ETH â€“ MATIC â€“,) .'}]"
æ–°æ–‡ä»¶æ˜¾ç¤ºå·æ™®ä» NFT çš„é”€å”®ä¸­èµšå–äº†é«˜è¾¾ 100 ä¸‡ç¾å…ƒçš„æ”¶å…¥ â€” è¿™æ˜¯æ‚¨éœ€è¦çŸ¥é“çš„,2023-04-18 07:00:00+00:00,"[{'summary_text': 'CIC Digital  NFT  , CIC Ventures LLC  â€œâ€ .  (81 ),â€œâ€  45,000 NFT, Polygon,Polygon ., () (),â€œâ€, - â€“ â€” ... ! , : 0 ; % . & %,, '}]"
æ—¥æœ¬æ”¿åºœè€ƒè™‘åœ¨ä½“è‚²äº§ä¸šä¸­æ¨å¹¿é‡‡ç”¨ NFT,2023-04-09 21:31:00+00:00,"[{'summary_text': 'NFT (NFT) , Web3 â€œâ€ (fantasy sports)  â€œâ€,â€ â€â€ â€“  â€” ?  NFT, -  () (nft)), . . NFT (nff)'}]"
äºšé©¬é€Š (Amazon) æŠ›å‡ºå…³äº NFT çš„éœ‡æ’¼å¼¹æ¶ˆæ¯ï¼šå…¶å®˜æ–¹çš„ç”µå­é‚®ä»¶æŒ‡å‡ºå°†æ¨å‡ºæ•°ä½ä»£å¸åŠå¹³å°çš„å›¾åº“,2023-04-03 05:00:00+00:00,"[{'summary_text': 'NFT : , (Amazon)  NFT (a reseller) . CoinDesk .  ,, . NFT, â€œâ€ (a distributor)â€™.'}]"
æ—¥æœ¬ä½“è‚²ç”¨å“ä¸šå·¨å¤´ç¾æ´¥æµ“ (Mizuno) ç»ç”±å…¶æŸ”é“ã€è·‘æ­¥å’Œè¶³çƒçš„äº§å“è¿›å†› NFT é¢†åŸŸ,2023-02-28 08:00:00+00:00,"[{'summary_text': 'NFT  Mizuno ,  â€”  (NFT)  OpenSea . 78  Naori Hamada Ryokke Draw  ESPN (MMA) .  NFT, (Mizunno) â€” (ETH) 0.5 / (WETH)'}]"
æ—¥æœ¬ç”µå•†å·¨å¤´Mercariå°†æ¥å—æ¯”ç‰¹å¸æ”¯ä»˜,2024-01-08 04:41:19+00:00,[{'summary_text': 'Japanese Firms Collect Crypto Donations for Earthquake Victims . Some of Japanâ€™s biggest crypto firms are building donation platforms to help victims of the Noto Peninsula earthquake .'}]
Bonk åƒ¹æ ¼é æ¸¬ï¼šéš¨è‘— BONK å¾è¿‘æœŸé«˜é»ä¸‹è·Œ 68% â€“ è²·å…¥æ©Ÿæœƒï¼Ÿ,2024-01-08 00:00:02+00:00,"[{'summary_text': 'Bonk : BONK  68% â€“ ? , 0.000011   Bonk 24  1.1663 ;,Bonk 88, 7.0665 . Bonk: 63.33, 100,,bonk: 4  (RSI) 43,. : $SPONGE  Sponge V2 . $SPONGEV2 '}]"
Price Predictions,,"[{'summary_text': '(DOGE,2410%, ETF â€”â€” .  ,121111 .'}]"
Hashdexå‘å¸ƒæ–°çš„ç°è´§æ¯”ç‰¹å¸ETFå•†ä¸šå¹¿å‘Š,2024-01-07 07:00:40+00:00,"[{'summary_text': ""Hashdex,,(SEC)(ETF) 15,HashdexX(Twitter) .ETF â€â€â€â€,[SEC] 'ETF' ,â€œâ€â€œâ€,â€œ,â€[ETF]., :â€œâ€œ,â€™,15, HashDex â€™ETFâ€™,â€™ .""}]"
èŒƒåŸƒå…‹æ‰¿è¯ºå°†BTC ETFåˆ©æ¶¦çš„5%æèµ ç»™BrinkåŸºé‡‘ä¼šæ¯”ç‰¹å¸å¼€å‘è€…,2024-01-07 05:00:34+00:00,"[{'summary_text': 'BTC ETF5%Brink (VanEck),(ETF),,, 202415X(Twitter) .,SEC ,1 ,Ã‰ETF,(SEC)ETF(TradFi). Invest21Shares1,1104,BitwiseFidelityGrayscaleValkyrie'}]"
å°æ¹¾ã€ŒACEç‹ç‰Œäº¤æ˜“æ‰€ã€å«Œç–‘äººä½æ‰€å…±æŸ¥è·2.2äº¿å°å¸èµ„äº§,2024-01-06 10:22:46+00:00,"[{'summary_text': 'ACE2.2 ,3,3  ACE2,4,14, MOCT() . (),10,,14,7,7 -  (),â€œâ€IBCOINUNICOIN, ,Facebook.,,-8 â€“ 2 â€” :,ACE,Instagram,'}]"
Bonkä»·æ ¼ä¸‹è·Œ6% â€“ æ¨¡å› å¸çƒ­æ½®æ˜¯å¦æ­£åœ¨è¤ªå»ï¼Ÿ,2024-01-06 06:06:51+00:00,"[{'summary_text': 'Bonk (BONK) 6,200%,2,Pepe Coin(PEPE) Bonk â€“ ? (BTC)2024,2023,(Dogecoin)(Shiba Inu)5%,1220%,Bonk Dune, SolanaBonnek (ETF),BONk;,BONK; '}]"
å´©æºƒçš„åŠ å¯†åŸºé‡‘HyperVerseçš„CEOä¼¼ä¹æ ¹æœ¬ä¸å­˜åœ¨ + æ›´å¤šç²¾é€‰æ–°é—»,2024-01-05 00:00:04+00:00,"[{'summary_text': 'HyperVerseCEO (Steven Reece Lewis)â€”â€” ,,  ,HyperVersese(Steve Wozniak)(Ryan Xu)Blockchain Global . (Chuck Norris),It,Adobe,IT â€œâ€,.'}]"
éŸ©å›½æè®®ç¦æ­¢ä½¿ç”¨ä¿¡ç”¨å¡è´­ä¹°åŠ å¯†è´§å¸,2024-01-04 10:00:31+00:00,"[{'summary_text': ' ,1256(9760)2982020530202333190 . 18, 11625(4840) 631 (4880)'}]"
éš10%ä¸‹è·Œå’Œ10äº¿ç¾å…ƒäº¤æ˜“é‡æ¶Œå…¥ ç‹—ç‹—å¸èƒ½åœ¨2024å¹´è¾¾åˆ°1ç¾å…ƒï¼Ÿ,2024-01-04 03:00:49+00:00,"[{'summary_text': ',  ,ETF, 2023(BTC)(ETH) .20242025,DOGE1420,1121 .'}]"
ç½‘ä¼ å¤§é‡æ¶‰æ¡ˆåŠ å¯†è´§å¸ç»è­¦æ–¹æµå…¥å¸‚åœº æ±Ÿè¥¿æŠšå·ç½‘è­¦å¾®åšè¾Ÿè°£,2024-01-04 00:00:42+00:00,"[{'summary_text': ' ,, â€œâ€ .  â€œâ€ .. â€“ â€, - .'}]"
Solanaé¦–æ¬¡åœ¨7å¤©ç¨³å®šå¸äº¤æ˜“é‡ä¸Šè¶…è¶Šä»¥å¤ªåŠ,2024-01-03 10:00:43+00:00,"[{'summary_text': ""Solana7 Solana(SOL),;,7(ETH)Artemis .;;;(Tron)823BNB146; MessariQiao Wang, SPL,' Solanana12NFTDegen News.,SOL9,97936%,13103.3 ,FT""}]"
æŸ´çŠ¬å¸éšç€17.5äº¿ç¾å…ƒäº¤æ˜“é‡æ¶Œå…¥ SHIBæœªæ¥èµ°å‘ä¼šå¦‚ä½•ï¼Ÿ,2024-01-03 06:20:14+00:00,"[{'summary_text': 'Meme Kombat (SHIB),62,100 100/ â€“  Cryptonews.com .'}]"
éšç€äº¤æ˜“é‡æ¿€å¢è‡³20äº¿ç¾å…ƒ æŠ•èµ„è€…æ˜¯å¦æ¶Œå…¥XRPï¼Ÿ,2024-01-03 05:00:26+00:00,"[{'summary_text': 'CoinGecko,XRP(XRP),2420 12 .XRP5070 XRP .'}]"
Bonké‡æŒ«10ï¼…åç»­èµ°åŠ¿é¢„æµ‹ å…³é”®ä½ $0.0000125 æ˜¯å¦æœ‰æ”¯æ’‘ï¼Ÿ,2024-01-03 02:38:42+00:00,[{'summary_text': '  3 ! .  () ()!'}]
å†·é’±åŒ…å‡ºå›½ã€åŠ å¯†å¸çº¢åŒ… è™šæ‹Ÿè´§å¸æˆä¸ºä¸­å›½çš„åˆ©ç›Šè¾“é€æ–¹å¼,2024-01-03 00:00:14+00:00,"[{'summary_text': "" 1 ,2023 . .: () - â€“ , & ! : ', ',' . : (), â€™,â€™ .""}]"
å±±å¯¨å¸é£™å‡ï¼š2024å¹´åå¤§è¡¨ç°æœ€ä½³çš„æ›¿ä»£åŠ å¯†è´§å¸,2024-01-02 13:05:50+00:00,"[{'summary_text': ' 10:Cardano(ADA) 2023 ADA+153%,0.23,ADA80%,,12(+60%) .USCEO(CZ) â€“ ,BNB - 7:Solana(SOL) â€“ (Sleepless AI);2.0, â€œSolana beta playsâ€Solanana,SOL '}]"
2023 å¹´ 8 ä¸ªæœ€ä½³å…ƒå®‡å®™èµŒåœº,2022-12-04 12:34:00+00:00,"[{'summary_text': 'Game â€“  BC.Game  2018 ,  BCD  â€”  (Cashback) . Game  Sandbox  66 LAND NFT,Sandbox NFT  2,700 ; â€“, (Finance Coin) (),BCD â€“ (), BC .Game:  2023  Lucky Block â€“ 10  10 LBLOCK '}]"
Latest Bitcoin News,,"[{'summary_text': 'Bitcoin is the first peer-to-peer digital currency, also known as Bitcoin . It is famous for its decentralized transactions, meaning there is no central governing body operating it . Get to know more about â€œBitcoin miningâ€ and its circulation tendencies by dedicating some time for the most important Bitcoin News on a daily basis .'}]"
Latest Ethereum News,,"[{'summary_text': 'Ethereum News is the largest open-source, blockchain based platform for decentralised applications . It serves as digital currency and can be traded like any other cryptocurrency . You can find out more about Ethereum News in Ethereum News today .'}]"
Breaking NFT News Today,,"[{'summary_text': 'NFTs, or non-fungible tokens, have grown in prominence over the past year . tokens representing unique works of art, collectibles, and virtual game items have become more popular .'}]"
Latest DeFi News,,"[{'summary_text': 'DeFi, or decentralized finance, is one of the biggest things in the blockchain and cryptocurrency industry . It uses blockchains, smart contracts and/or cryptoassets to deliver financial services to customers .'}]"
Breaking Altcoin News Today,,[{'summary_text': 'Take a look at the list of the most important Altcoin News . It is an alternative cryptocurrency to Bitcoin . The name is already self-explanatory: â€œaltâ€ stands for alternative and â€œcoinâ€ is a typical title .'}]
Blockchain Altcoin News,,"[{'summary_text': 'In Blockchain News you can find useful insights about what is going in the digital currencies market . Itâ€™s constantly changing because of the nature of blockchain technology, which is linked in transaction batches . In the Blockchain News today section everyone can read more about how the software is evolving worldwide .'}]"
Press Releases,,[{'summary_text': 'crypto users had been keenly eyeing the launch of Ethereum (ETH) exchange-traded funds (ETFs) throughout 2023 . their rollout has been slower than many analysts expected .'}]
Sponsored,,"[{'summary_text': ""Immediate Bitnex claims to provide users with a new way to trade crypto that's simple, more attuned to investors' needs . But are the claims of this platform letting users...""}]"
Cryptonews Deals,,[{'summary_text': 'cryptocurrency world can be overwhelming for people who have just started their decentralized trading journey . The returns it offers urge them to take chances even with the new technology.'}]
Industry Talk,,[{'summary_text': 'The first ever BRC-20 ordinal token Ordi (ORDI) has undertaken a sudden -10% ORDI price drop . This comes as markets teeter with anticipation for news of a highly...'}]
ICO news,,"[{'summary_text': 'Wall Street Memes (WSM) is one of the newest meme tokens, currently on presale . The bull run for the GME and AMC stock price in 2021 inspired several new crypto projects .'}]"
Finance News,,[{'summary_text': 'Singaporeâ€™s regulatory body the Monetary Authority of Singapore (MAS) has announced plans to begin piloting the digital currency â€œE-CNYâ€ .'}]
Technology News,,"[{'summary_text': 'Ethereum\'s upcoming upgrade, ""Cancun-Deneb"" (also known as ""Dencun""), is set to begin testing on January 17 .'}]"
Price Predictions,,"[{'summary_text': 'The Bitcoin Price just saw a sudden pump to new yearly highs near $48,000 after the US SECâ€™s official X account tweeted that spot Bitcoin ETFs had gained approval . the BTC only dropped as much as $3,000 to briefly below $45,000 after SEC Chairman Gary Gensler said that the official account is â€œcompromisedâ€.'}]"
Analyst Says Bitcoin Price Crashed Before Genslerâ€™s Tweet: It â€œWas a Reaction to What was Believed to be Real Newsâ€,2024-01-10 15:08:17+00:00,"[{'summary_text': 'Analyst Says Bitcoin Price Crashed Before Genslerâ€™s Tweet: It â€œWas a Reaction to What was Believed to be Real Newsâ€ A new analysis has revealed that the recent Bitcoin price crash was a reaction to what was believed to be genuine news of spot ETFs getting approved . The analysis, conducted by Matteo Greco, research analyst at Fineqia International, detailed that many initially attributed the significant sell-off in the Bitcoin market .'}]"
Turkey Nears Completion of Crypto Framework; Minister Confirms FATF Compliance,2024-01-10 14:50:09+00:00,"[{'summary_text': 'Turkeyâ€™s Minister of Treasury and Finance, Mehmet Simsek, announced that Turkey is reportedly in the final stages of preparing a legal regulation for crypto assets . In an interview on January 10 with Anadolu Agency in Turkey, imÅŸek revealed details about the regulatory approach .'}]"
Arbitrum Dominates with Nearly 50% of Ethereum Layer 2 Total Value Locked,2024-01-10 14:21:24+00:00,"[{'summary_text': 'Crypto is a high-risk asset class . This article is provided for informational purposes and does not constitute investment advice . We may utilise affiliate links within our content, and receive commission . The Ethereum-based layer 2 network Arbitrum has shown significant strength .'}]"
Fallout From Falsely Confirmed Approval of Spot BTC ETFs + More Crypto News,2024-01-10 14:00:08+00:00,"[{'summary_text': 'Fallout From Falsely Confirmed Approval of Spot BTC ETFs + More Crypto News Disclosure: Crypto is a high-risk asset class . This article is provided for informational purposes and does not constitute investment advice . By using this website, you agree to our terms and conditions . We may utilise affiliate links within our content, and receive commission .'}]"
OneCoin Crypto Scam: German Court Sentences Fraudsters to Jail,2024-01-10 11:57:06+00:00,"[{'summary_text': 'Frank Ricketts and his wife Manon Hubenthal sentenced to several years in jail . They were convicted of amassing approximately â‚¬320 million from 90,000 OneCoin victims across Europe . Their lawyer, Martin Breidenbach, was accused of transferring â‚¬20 million to accounts abroad with false data .'}]"
Altcoins Weekly Losses Grow as Market Liquidations Continue,2024-01-10 11:55:01+00:00,"[{'summary_text': 'Cryptocurrencies face market corrections days into 2024 based on several factors ranging from trader gripping reports, a fake spot Bitcoin (BTC) ETF social media post, and other factors . On-chain data shows declining asset prices in the second week of the year, especially around altcoins with multiple assets posting over a 10% plunge in the last seven days .'}]"
Wintermute Reports 400% Surge in OTC Crypto Trading Volumes for 2023,2024-01-10 11:47:52+00:00,"[{'summary_text': 'Wintermute has reported a 400% increase in OTC trading volumes for 2023 . Crypto is a high-risk asset class. This article is provided for informational purposes . We may utilise affiliate links within our content, and receive commission .'}]"
FINRAâ€™s 2024 Report Highlights Emergence of Crypto-Related Compliance Risks,2024-01-10 09:05:02+00:00,"[{'summary_text': 'FINRAâ€™s 2024 Report highlights Emergence of Crypto-Related Compliance Risks Disclosure: Crypto is a high-risk asset class . This article is provided for informational purposes and does not constitute investment advice . We may utilise affiliate links within our content, and receive commission .'}]"
BitGo Gains In-Principle Approval from Authority to Operate in Singapore,2024-01-10 08:28:48+00:00,"[{'summary_text': 'BitGo has recently been granted in-principle approval from Singaporeâ€™s Monetary Authority of Singapore (MAS) This expands our global footprint and provides APAC with regulated, secure and trusted solutions . BitGo aims to enable institutional clients to purchase and sell cryptocurrencies directly from its cold storage custody solution .'}]"
ğŸ”¥ Donâ€™t Miss Out on These Top 3 Presales! Get in Early for Massive Gains! ğŸ’°ğŸ’,,"[{'summary_text': ""Enter your email for our Free Daily Newsletter A quick 3min read about today's crypto news! This site is protected by reCAPTCHA and the Google Privacy Policy and Terms of Service apply.""}]"
Bonk Coin: Round 2 Explosion! ğŸš€ğŸ’¥ Donâ€™t Miss Out on the Action This Time! â°ğŸŒŸ,,"[{'summary_text': ""Enter your email for our Free Daily Newsletter A quick 3min read about today's crypto news! This site is protected by reCAPTCHA and the Google Privacy Policy and Terms of Service apply.""}]"
"ğŸ”¥ Breaking News: Bitcoin Minetrix Raises $8 Million! Donâ€™t Miss Out, Buy Now! ğŸ’°",,"[{'summary_text': ""Enter your email for our Free Daily Newsletter A quick 3min read about today's crypto news! This site is protected by reCAPTCHA and the Google Privacy Policy and Terms of Service apply.""}]"
SEI Crypto Price Prediction | SEI PRICE | SEI NEWS,,"[{'summary_text': ""Enter your email for our Free Daily Newsletter A quick 3min read about today's crypto news! This site is protected by reCAPTCHA and the Google Privacy Policy and Terms of Service apply.""}]"
"ProShares Bitcoin Strategy ETF (BITO) Surpasses $2 Billion in Assets, Sets All-Time High",2024-01-10 07:45:41+00:00,"[{'summary_text': 'ProShares Bitcoin Strategy ETF (BITO) Surpasses $2 Billion in Assets, Sets All-Time High Disclosure: Crypto is a high-risk asset class. This article is provided for informational purposes and does not constitute investment advice. We may utilise affiliate links within our content, and receive commission. According to data by YCharts, BITOâ€™s assets stood at $2,010,057,946 as of the market close on January 8 .'}]"
Two US Senators Ask SEC to Deliver Report to Congress on Breach of X Account,2024-01-10 07:02:58+00:00,"[{'summary_text': 'Two US Senators ask SEC to Deliver Report to Congress on Breach of X Account Disclosure: Crypto is a high-risk asset class . This article is provided for informational purposes and does not constitute investment advice . We may utilise affiliate links within our content, and receive commission .'}]"
Key Price Drivers for Bitcoin This Month + More Crypto News,2024-01-09 14:59:32+00:00,"[{'summary_text': 'Crypto is a high-risk asset class. This article is provided for informational purposes . We may utilise affiliate links within our content, and receive commission . Get your daily, bite-sized digest of blockchain and crypto news . There has been a near 49% price increase since October 2023 thanks to this, reflecting the marketâ€™s expectation that multiple applications, including BlackRockâ€™s, will be approved or denied at the same time .'}]"
"Solana Ecosystem Boasts Over 2,500 Monthly Active Developers, Reports Solana Foundation",2024-01-09 14:09:49+00:00,"[{'summary_text': 'Solana Ecosystem Boasts Over 2,500 Monthly Active Developers, Reports SolanA Foundation Disclosure: Crypto is a high-risk asset class . This article is provided for informational purposes and does not constitute investment advice . By using this website, you agree to our terms and conditions. We may utilise affiliate links within our content, and receive commission .'}]"
"Valkyrie CIO Says Market May See Ripple, Ethereum ETFs Next",2024-01-10 09:18:39+00:00,[{'summary_text': 'Valkyrie Funds Chief Investment Officer Steven McClurg says it wouldnâ€™t surprise me if a Ripple and Ethereum spot exchange-traded fund came to the market . The CIO went on to add that Grayscale recently added XRP to their publicly traded which in turn shows that there is interest .'}]
SEC Faces Backlash from Crypto Leaders for Erroneous Bitcoin ETF Tweet,2024-01-10 11:34:51+00:00,[{'summary_text': 'SEC Faces Backlash from Crypto Leaders for Erroneous Bitcoin ETF Tweet Disclosure: Crypto is a high-risk asset class . This article is provided for informational purposes and does not constitute investment advice . The Securities and Exchange Commission (SEC) found itself in hot water after an unauthorized tweet on its official account suggested that spot Bitcoin exchange-traded funds (ETFs) had been approved .'}]
Binance Reveals AI Tokens Outperform BTC and ETH With up to 650% Yearly Gains,2024-01-10 11:27:15+00:00,"[{'summary_text': 'Binance Research has found that AI coins in 2023 saw notably larger gains than bitcoin and ethereum . At the same time, funding for AI-related Web3 projects has surged . In the past quarter and last year, AI tokens â€œexperienced a significant surgeâ€ .'}]"
Liquidity Pool Comprising PayPalâ€™s PYUSD Stablecoin on Curve Locks $135 Million in Value,2024-01-10 09:26:18+00:00,"[{'summary_text': 'Crypto is a high-risk asset class. This article is provided for informational purposes . We may utilise affiliate links within our content, and receive commission . The new liquidity pool, known as the FRAXPYUSD pool, went live on December 27 and is the third largest on Curve, trailing only the popular 3pool.'}]"
5 Alternative Methods to Buy Bitcoin With PayPal in 2024,,"[{'summary_text': 'You already have a PayPal account, choose the cryptocurrency you want to buy, and confirm your purchase . If, for some reason, buying bitcoin directly on PayPal is not an option for you, we have also prepared five alternative methods to buy bitcoin with PayPal . eToro has recently released its crypto wallet, which allows you to store Bitcoin, Bitcoin Cash, Ethereum, Litecoin, Dash, and Ripple directly from its trading platform .'}]"
How to Buy Bitcoin with Paypal in 2024,,"[{'summary_text': 'You canâ€™t reverse a Bitcoin transaction, but PayPal allows you to get your money back in some cases, so there is a lot of potential for fraud . The essence of Bitcoin is the ability to own private digital cash without having to rely on any intermediaries and send or receive them in a censorship-resistant way . Since mid-2018 eToro is entering the US market, too .'}]"
Sorare Review (2024) â€“ A Beginnerâ€™s Guide to Sorare Fantasy Football,,"[{'summary_text': 'Sorare is an NFT-based fantasy football manager game where you can build and manage your dream team and even sell your top players for money . Sorare gives you lots of free collectible cards every step of the way and lets you construct a team with them . You need at least 3 limited cards to unlock the higher tier of competition, then 3 rare cards for the next tier, and so on . This makes Sorare one of the most intriguing NFT games to date .'}]"
Metamask Guide: How To Set Up and Get Started,,"[{'summary_text': 'MetaMask is one of the most popular crypto wallet apps in the world . Connected by default to the Ethereum network, it can work with a wide variety of networks and tokens, allowing you to store your cryptocurrencies and connect to a number of marketplaces and decentralized apps to purchase NFTs for your personal collection . This guide assumes you have already purchased your first cryptocurrency and are looking to take the next steps . If you havenâ€™t already purchased the first cryptocurrencies, click here to read'}]"
About 10 Fund Companies Preparing to Launch Spot Crypto ETFs in Hong Kong: HashKey Group,2024-01-10 09:13:03+00:00,"[{'summary_text': 'About 10 Fund Companies Preparing to Launch Spot Crypto ETFs in Hong Kong . This article is provided for informational purposes and does not constitute investment advice . We may utilise affiliate links within our content, and receive commission .'}]"
"Bitcoin Price Prediction: Dips to $46,000 Amid SEC Security Flaw & ETF Turmoil",2024-01-10 06:54:47+00:00,"[{'summary_text': 'In a market marked by heightened sensitivity to regulatory actions, Bitcoinâ€™s price experienced a notable dip to $46,000, reflecting nearly 1.50% decrease on Wednesday . This latest fluctuation in the worldâ€™s premier cryptocurrency comes amid news of a security oversight at the U.S. Securities and Exchange Commission (SEC) A failure to enable two-factor authentication led to misinformation regarding a Bitcoin ETF . It added to the ongoing turmoil and uncertainty in the digital asset space .'}]"
Fee War Intensifies: Bitcoin ETF Issuers Submit Updates Lowering Rates,2024-01-10 06:19:45+00:00,[{'summary_text': 'Bitcoin ETF Issuers Submit Updates Lowering Rates Including Fidelity . The spot Bitcoin exchange-traded fund (ETF) competition is heating up . 5 out of 11 issuers have revised their fee structures or offered temporary waivers .'}]
"X Confirms US SECâ€™s Official Account Was Hacked, No Insider Error Detected",2024-01-10 04:38:19+00:00,"[{'summary_text': 'US SECâ€™s Official Account was Hacked, No Insider Error Detected Disclosure: Crypto is a high-risk asset class. This article is provided for informational purposes and does not constitute investment advice. By using this website, you agree to our terms and conditions. We may utilise affiliate links within our content, and receive commission .'}]"
Bitcoin Price Prediction as VanEck Buys $72.5 M in BTC â€“ ETF Decision Within 48 Hours,2024-01-10 01:33:39+00:00,"[{'summary_text': 'Bitcoin price has consistently held strong above the $47,000 mark, drawing strength from the growing optimism surrounding the approval of Bitcoin ETFs . This bullish trend is further reinforced by the overall crypto market, currently valued at $1.67 trillion, witnessing a near 1% rise within 24 hours . However, voices like Arthur Hayes caution about potential corrections post-approval, while CryptoQuant warns of a â€˜sell-the-newsâ€™ scenario .'}]"
CEOs of Spot Bitcoin ETF Hopefuls Expect Trading to Begin Thursday,2024-01-09 17:25:52+00:00,"[{'summary_text': 'Crypto is a high-risk asset class. This article is provided for informational purposes and does not constitute investment advice . We may utilise affiliate links within our content, and receive commission . Two CEOs of spot Bitcoin ETF applicants have come forward to say they believe their firmsâ€™ ETFs should start trading on Thursday .'}]"
Bitcoin Primed To Repeat Bullish Crossover From Epic 2016 Rally After 8 Years of Wait â€” Hereâ€™s What You Need to Know,2024-01-09 16:48:02+00:00,"[{'summary_text': 'Crypto is a high-risk asset class. This article is provided for informational purposes . We may utilise affiliate links within our content, and receive commission . Bitcoin ETF hype is currently pushing prices higher, but behind the scenes, a key indicator is flashing bullish with the potential to spark additional gains . The last time we saw something like this was almost 8 YEARS ago (2016).'}]"
Spot Bitcoin ETF Bidding War Heats Up as Applicants Drop Proposed Management Fees Ahead of Expected SEC Approvals â€“ Where Next for the BTC Price?,2024-01-09 16:02:21+00:00,"[{'summary_text': 'Crypto is a high-risk asset class. This article is provided for informational purposes . We may utilise affiliate links within our content, and receive commission . Up to 13 ETF providers may be given the green light to launch spot Bitcoin ETFs by the US Securities and Exchange Commission as soon as Wednesday .'}]"
"SEC Implicitly Recognizes Ether as Commodity, Paving Way for ETF",2024-01-05 18:19:46+00:00,"[{'summary_text': 'SEC Implicitly Recognizes Ether as Commodity, Paving Way for ETF Disclosure: Crypto is a high-risk asset class . This article is provided for informational purposes and does not constitute investment advice . An Ethereum (ETH) spot ETF is due to reach the U.S. market after a slew of Bitcoin based equivalents are likely greenlighted next week .'}]"
"Ethereum Foundation Announces Devcon 7 Conference in Bangkok, Thailand, November 12-15, 2024",2024-01-03 18:39:29+00:00,"[{'summary_text': 'Ethereum Foundation announces Devcon 7 Conference in Bangkok, Thailand, from November 12-15, 2024 . The decision reflects an expansion of the eventâ€™s vision, with a focus on embracing the entire Southeast Asia region as the stage for the community gathering . â€œDevcon Southeast Asiaâ€ aims to resonate across Southeast Asia, showcasing the vibrant Ethereum community .'}]"
Vitalik Buterin Proposes Simplified Ethereum Proof of Stake Design,2023-12-28 07:25:27+00:00,"[{'summary_text': 'Ethereum co-founder Vitalik Buterin has proposed three alternative methods aimed at simplifying the Ethereum blockchainâ€™s proof of stake design . The proposals focus on reducing the number of signatures required per slot in the blockchain . According to Buterin, Ethereum is currently supporting 895,000 validator objects for decentralization .'}]"
Donald Trump Sells $2.4 Million Ethereum: Arkham Intelligence,2023-12-28 05:14:44+00:00,"[{'summary_text': 'Arkham Intelligence Disclosure: Crypto is a high-risk asset class . This article is provided for informational purposes and does not constitute investment advice . We may utilise affiliate links within our content, and receive commission .'}]"
Ethereum Smart Contract Framework Updated to Combat Security Concerns,2023-12-18 14:00:57+00:00,"[{'summary_text': 'Ethereum is one of the most widely used blockchain networks globally . Recent findings from CoinMarketCap show that Ethereum has the highest number of total developers, accounting for 16% of all developers in the crypto sector . According to findings from Beosin, the Ethereum blockchain underwent the most losses and incidents overall .'}]"
"Taipei Blockchain Week Opens with Vitalik Buterin, Binanceâ€™s Richard Teng",2023-12-14 15:52:31+00:00,"[{'summary_text': 'Taipei Blockchain Week kicked off this week with around 2,000 people from the crypto community gathering on Thursday . High-profile guest speakers included Ethereum creator Vitalik Buterin, and Binanceâ€™s new CEO Richard Teng who spoke about the importance of regulation in the crypto space . Teng said he felt â€œhumbled and honouredâ€ to be leading the exchange adding he has seen the user base continue to grow â€“ currently standing at 167 million users .'}]"
Vitalik Buterin Proposes Enshrined ZK-EVM for Enhanced Ethereum Main Chain Efficiency,2023-12-14 09:47:39+00:00,"[{'summary_text': 'Vitalik Buterin, Ethereumâ€™s co-founder, has introduced a conceptual architecture called the enshrined Zero-Knowledge Ethereum Virtual Machine (ZK-EVM) This proposal seeks to provide a more secure and efficient verification process for Ethereum transactions . By doing so, it intends to improve and optimize the operation of Layer-2 applications .'}]"
"Polygon NFT Volume Hits 6-Month High, Igniting Renewed Interest in Layer-2 Scaling Solution",2024-01-08 18:01:52+00:00,"[{'summary_text': 'Polygon NFT Volume Hits 6-Month High, Igniting Renewed Interest in Layer-2 Scaling Solution Disclosure: Crypto is a high-risk asset class . This article is provided for informational purposes and does not constitute investment advice . We may utilise affiliate links within our content, and receive commission . Polygonâ€™s daily NFT sales volume spiked to nearly $10 million on December 6 .'}]"
CryptoZoo Investors Offered Refunds a Year After Promised by Logan Paul,2024-01-05 13:21:25+00:00,"[{'summary_text': 'Logan Paul is offering refunds for the never-released CryptoZoo NFT game . Cryptozoo was supposed to be a play-to-earn (P2E) game where players would buy, sell, breed, and trade exotic animal NFTs with crypto . The game will not be released, Paul said, stating that he personally spent $400,000 on it .'}]"
Bitcoin Blockchain Sets New Record: December 2023 NFT Sales Surpass $881 Million for First Time Ever,2024-01-01 07:24:57+00:00,"[{'summary_text': 'Crypto is a high-risk asset class. This article is provided for informational purposes and does not constitute investment advice . By using this website, you agree to our terms and conditions . NFT sales on the Bitcoin chain reached $881,223,753.92 last month, setting the highest single-month sales record to date . Bitcoin NFTs, also known as Ordinals, are unique in that they are inscribed directly onto individual satoshis .'}]"
"Sothebyâ€™s Reports Close to $35 Million in Digital Art Sales for 2023, Declares It â€˜One of the Most Exciting Yearsâ€™",2023-12-25 18:17:45+00:00,"[{'summary_text': ""Sothebyâ€™s reported making â€œclose to $35 millionâ€ in digital art sales in 2023, marking it as a standout year for the emerging sector . On December 23, Michael Bouhanna, the companyâ€™s Vice President and Head of Digital Art, concluded sotheby's year results regarding digital art on X as â€œone of the most exciting years for digital artâ€ The auction house also set a new record for an individual digital artwork by selling Dmitry Chernyakâ€™s non-fungible token (NFT""}]"
Chinaâ€™s Ministry of Industry Aims to Foster NFT and Dapp Growth Despite Crypto Ban,2023-12-20 10:55:44+00:00,"[{'summary_text': 'Chinaâ€™s Ministry of Industry and Information Technology has published a document outlining its current and future work on developing Web3 and related technologies . The document is a response to a proposal by Wu Jiezhuang, a member of the National Committee of the Chinese Peopleâ€™s Political Consultative Conference . Wuâ€™s suggestions align with the Ministryâ€™s direction, as the latter â€œattaches great importanceâ€ to the Web3 industry development .'}]"
Super Mario-Inspired NFT Fetches Over $240K at Sothebyâ€™s Auction,2023-12-15 11:30:37+00:00,"[{'summary_text': 'Crypto is a high-risk asset class. This article is provided for informational purposes and does not constitute investment advice . We may utilise affiliate links within our content, and receive commission . Between December 6 and 13, Sothebyâ€™s New York held an online sale of select BitcoinShrooms from the Bitcoin ordinals project by Shroomtoshi . The initial estimate for each of the three pieces was $20,000-30,000 .'}]"
"Trump Released Latest â€˜MugShotâ€™ NFTs, Commemorating His Previous Arrest",2023-12-13 08:47:38+00:00,"[{'summary_text': 'Trump Released Latest â€˜MugShotâ€™ NFTs, Commemorating His Previous Arrest Disclosure: Crypto is a high-risk asset class . This article is provided for informational purposes and does not constitute investment advice . We may utilise affiliate links within our content, and receive commission .'}]"
"FIFA Enters NFT Arena, Offering Fans Digital Collectibles and World Cup Tickets",2023-12-12 11:40:14+00:00,"[{'summary_text': 'FIFA, the famous international governing body for football, has announced a new digital collectible collection in its first collaboration with tech firm Modex . â€˜FIFA+ Collectâ€™ will be dropping the â€œdual digital collectionâ€ for the FIFA Club World Cup Saudi Arabia 2023 . It will feature â€œthe rarest collectibles that offer the chance to secure FIFA World Cup 26 final ticketsâ€ FIFA initially used Algorand as the official blockchain platform .'}]"
Apple Store Removes Binance and Other Global Exchangesâ€™ Apps in India Amid Wider Crackdown,2024-01-10 06:11:51+00:00,"[{'summary_text': 'Apple Store Removes Binance and Other Global Exchangesâ€™ Apps in India . This article is provided for informational purposes and does not constitute investment advice . The mobile applications of several global cryptocurrency exchanges, including Binance, Kraken, Mexc, and Kucoin, have disappeared from Appleâ€™s App Store in India. This move comes within two weeks of these exchanges being flagged for operating â€œillegallyâ€ in the country .'}]"
Fox Launches Blockchain-based Open Source Platform with Polygon Labs,2024-01-10 05:28:54+00:00,"[{'summary_text': 'The Fox Corporation has partnered with Polygon Labs to unveil the new blockchain-based Verify . Built on Polygon PoS, the core blockchain infrastructure can transparently prove authenticity of content . Publishers who opt in to the platform will be able to prove their contentâ€™s organization in hopes of tackling authenticity problems caused by the rapid development of AI .'}]"
Controversy Arises as Genesis Creditors Challenge DCGâ€™s Claim of Full Debt Repayment,2024-01-10 05:23:14+00:00,"[{'summary_text': 'Digital Currency Group (DCG) is facing allegations from an ad hoc group of lenders, claiming that DCG has not fulfilled its repayment requirements to its bankrupt subsidiary, Genesis Global . The lenders allege DCG transferred $189 million in US dollars, along with the relinquishment of certain ETHE (Grayscale Ethereum Trust) shares . This announcement follows a pattern of deception used by Barry and DCG for over a year . DCG claims it cannot determine the outstanding bitcoin obligations until it sell'}]"
"Ukrainian Central Bank Says â€˜Crypto Isnâ€™t Money,â€™ Vows to Regulate Sector",2024-01-10 03:00:10+00:00,[{'summary_text': 'Ukrainian Central Bank has stated that crypto â€œis not moneyâ€ and has reaffirmed its intention to regulate the sector â€“ using EU law as a benchmark . The comments were made by the First Deputy Governor of the NBU Kateryna Rozhkova in a TV interview .'}]
South Korean Ex-Police Officer Denies Crypto â€˜Briberyâ€™ Charges,2024-01-09 23:30:36+00:00,"[{'summary_text': 'The trial of a former South Korean police sergeant has begun in Gwangju, South Korea . The ex-law enforcer denies taking bribes during a suspected crypto fraud investigation . Prosecutors think Jang took over $30,000 in cash â€œon two occasionsâ€ in 2021 .'}]"
"BitPay Enables Gucci, Movie Ticket, and Mortgage Purchases with BNB, Chainlink",2024-01-09 21:46:25+00:00,"[{'summary_text': 'BitPay, the worldâ€™s leading Bitcoin and cryptocurrency payment service, has unveiled an enhanced payment experience for its crypto customers . This update will enable payments for leading merchants such as Newegg, Jomashop, PacSun, Gucci, Ralph Lauren, and AMC Theatres . BitPayâ€™s Bill Pay solution covers over 5,000 providers, allowing users to settle credit card bills, car payments, mortgages, student loans, and more .'}]"
El Salvadorâ€™s Bitcoin Investment Yields $12.6 Million in Unrealized Gains Ahead of Bitcoin ETF Decision,2024-01-09 20:30:42+00:00,"[{'summary_text': 'El Salvadorâ€™s Bitcoin Investment Yields $12.6 million in Unrealized Gains Ahead of Bitcoin ETF Decision Disclosure: Crypto is a high-risk asset class . This article is provided for informational purposes and does not constitute investment advice . By using this website, you agree to our terms and conditions . We may utilise affiliate links within our content, and receive commission . El Salvador holds a total of 2,798 bitcoin ($131.3 million)'}]"
SEC Chair Gensler Issues Second Warning Ahead of Impending Spot Bitcoin ETF Verdict,2024-01-09 18:26:42+00:00,"[{'summary_text': 'SEC Chair Gary Gensler is stirring feathers in the crypto space with his latest online post . In a tweet on X (formerly Twitter) posted on Tuesday he advised investors engaging with crypto assets to exercise caution and employ proper risk management practices . He noted that several crypto platforms have become insolvent in recent years, leading to significant losses for investors .'}]"
"Spaceship Carrying Physical Bitcoin to the Moon Launches, Quickly Runs Into Issues",2024-01-09 16:19:35+00:00,"[{'summary_text': 'BitMEX has announced the launch of Vulcan Centaur, a lunar rocket carrying a crypto wallet containing one physical Bitcoin . The physical Bitcoin and the space crew accompanying it will be carried by robotic company Astrobotic Technologyâ€™s spacecraft Peregrine-1 . It seeks to become the first United States moon landing mission since Apollo 11, which saw the first humans land on the Moon in 1969.'}]"
CFTC Committee Recommends Enhanced Understanding and Regulation of DeFi,2024-01-09 16:15:14+00:00,"[{'summary_text': 'The Technology Advisory Committee of the US Commodity Futures Trading Commission (CFTC) has taken a significant step in addressing the challenges posed by decentralized finance (DeFi) The report, believed to be the first substantial analysis of DeFi by a government advisory committee, outlines key recommendations for policymakers . The recommendations include a call for increased knowledge about DeFi, emphasizing the need for nuanced understanding of decentralized financial systems .'}]"
Bitcoin Price Marks First-Ever â€œGolden Crossâ€ During ETF Hype,2024-01-09 15:54:41+00:00,"[{'summary_text': 'Bitcoin Price Marks First-Ever â€œGolden Crossâ€ During ETF Hype Disclosure: Crypto is a high-risk asset class . This article is provided for informational purposes and does not constitute investment advice . By using this website, you agree to our terms and conditions. We may utilise affiliate links within our content, and receive commission . In this case, Bitcoinâ€™s 50-week moving average (WMA) has crossed above its 200-week Moving average .'}]"
Blockchain Association Addresses Sen. Warrenâ€™s Criticism of Crypto Hires,2024-01-09 14:43:34+00:00,"[{'summary_text': 'Blockchain Association Addresses Sen. Warrenâ€™s Criticism of Crypto Hires Disclosure: Crypto is a high-risk asset class . This article is provided for informational purposes and does not constitute investment advice . We may utilise affiliate links within our content, and receive commission .'}]"
Notable Absence of Hashdex in Latest Round of S-1 Bitcoin ETF Amendments,2024-01-09 14:02:40+00:00,"[{'summary_text': 'Notable Absence of Hashdex in Latest Round of S-1 Bitcoin ETF Amendments Disclosure: Crypto is a high-risk asset class. This article is provided for informational purposes and does not constitute investment advice. By using this website, you agree to our terms and conditions. We may utilise affiliate links within our content, and receive commission . The firm, which already offers a Bitcoin futures-based exchange-traded fund (ETF), did not submit an amended form alongside other firms .'}]"
"Elastos Introduces Elacity DRM, Web3â€™s First Digital Rights Management Tool",2024-01-09 14:00:56+00:00,"[{'summary_text': 'Elacity DRM introduces an Access Economy Protocol (AEP) that combines non-fungible token (NFT) technology with decentralized DRM . This integration allows creators to share, monetize, and resell their content with defined scarcity, providing them direct control over their digital rights . The tool is based on the Elastos Smart Chain (ESC) and is EVM compatible .'}]"
â€œBitcoin is Topping Outâ€ â€“ Jim Cramer Shifts Stance Within Days,2024-01-09 13:07:53+00:00,"[{'summary_text': 'Crypto is a high-risk asset class. This article is provided for informational purposes and does not constitute investment advice . We may utilise affiliate links within our content, and receive commission . Cramer speculated on Jan 7 that the asset might have reached the end of its highs .'}]"
Thai Governmentâ€™s Digital Wallet Stimulus Plan Under Scrutiny,2024-01-09 11:41:17+00:00,"[{'summary_text': 'Thai Governmentâ€™s Digital Wallet Stimulus Plan Under Scrutiny Disclosure: Crypto is a high-risk asset class . This article is provided for informational purposes and does not constitute investment advice . We may utilise affiliate links within our content, and receive commission . The confusion began on Sunday . According to The Nation, the Council of State has given its opinion on the governmentâ€™s scheme .'}]"
Bitcoin Haberleri,,"[{'summary_text': ""Bitcoin ETF'ini onaylama ihtimali ile ilgili artan beklentilerin etkisiyle 47.000 dolarn Ã¼zerine Ã§kt bir spot .""}]"
Ethereum Haberleri,,[{'summary_text': ': . :: ! !. !! .. .'}]
NFT News,,"[{'summary_text': ""279 yllk bir geÃ§miÅŸe Ã¼nlÃ¼ mÃ¼zayede evi Sotheby's, 2023'te dijital sanat satÅŸlarndan yaklaÅŸk 35 milyon dolar kazanÃ§ elde etti.""}]"
DeFi Haberleri,,"[{'summary_text': 'Merkeziyetsiz bir borsa olan dYdX, platforma yÃ¶nelik bir saldr nedeniyle ortaya Ã§kan . iÃ§in sigorta fonunu kullanmak zorunda kald .'}]"
Altcoin Haberleri,,"[{'summary_text': ""Etherscan'dan toplad verileri web sitesinde yaynlayarak SHIB yakmn izleyen bir platform olan Shibburn'de, geÃ§tiimiz zaman iÃ§inde SHIBI yakma orannda tek bir bÃ¼yÃ¼k iÅŸlem nedeniyle %27,510'luk devasa""}]"
Blockchain Haberleri,,"[{'summary_text': ""Kuzey Kore'nin destekledii bilinen bilgisayar korsanl grubu Lazarus Group bir ay aÅŸkn sÃ¼renin en bÃ¼yÃ¼k iÅŸlemi olarak, bir mixer araclyla 1,2 milyon dolar deerinde kripto para transferi gerÃ§ekleÅŸtirdi .""}]"
BasÄ±n BÃ¼ltenleri,,"[{'summary_text': ""lk Future Go Tech Summit'in program, tÃ¼ketici, iÅŸ, yÃ¶netim ve elence olmak...""}]"
Sponsorlu,,[{'summary_text': 'AÅŸadaki metin Cryptonews.com gazetecileri tarafndan yazlmamÅŸ bir reklam makalesidir.Blok zinciri trilemmasn gerÃ§ekten Ã§Ã¶zen L1 ile tanÅŸnBlockchain teknolojisi onlarca yldr var ama .'}]
Cryptonews AnlaÅŸmalarÄ±,,"[{'summary_text': ""Kripto ekosistemi iÃ§in kasvetli bir makro ortamda yatrmclarn 19 EylÃ¼l'de baÅŸlayan Ã¶zel etkinliinde staking ile USDT kazanabilirsiniz! Bu kampanyannn...""}]"
EndÃ¼stri Sohbetleri,,"[{'summary_text': 'Youn bir rekabet ve sÃ¼rekli deiÅŸen iÅŸ dÃ¼nyasnda . Yeniliklerin hzla artmas, veriye dayal ve daha kritik .'}]"
ICO Haberleri,,"[{'summary_text': ""Yeni kripto para birimi AiDoge (AI), bugÃ¼n, 19 Haziran Pazartesi gÃ¼nÃ¼ .n satn alma yapanlar iÃ§in token talebi de ayn saatte, 09:00 UTC'de .""}]"
Finans Haberleri,,"[{'summary_text': 'Forbes\'un finans sektÃ¶rÃ¼nde ""30 YaÅŸ Alt 30"" listesine kripto para ve blockchain sekto birÃ§ok liderin dahil edilmesi, bu alanlarn modern finansal hizmetler ve Ã§Ã¶zÃ¼mleri vurguluyor.'}]"
Teknoloji Haberleri,,[{'summary_text': 'Stok fotoraf sektÃ¶rÃ¼nÃ¼n Ã¶ncÃ¼lerinden biri olan Shutterstock . yapay zeka ile Ã¼retilen yetkisiz .'}]
"SHIB Burn OranÄ± %27,510â€™a YÃ¼kseldi â€“ Shiba Inu Rallisi YaklaÅŸÄ±yor mu?",2024-01-10 13:32:10+00:00,"[{'summary_text': 'Shiba Inu Rallisi YaklaÅŸyor mu? Etherscanâ€™dan toplad verileri web sitesinde yaynlayarak SHIB yakma orannda tek bir bÃ¼yÃ¼k iÅŸlem nedeniyle %27,510â€™luk devasa bir artÅŸ gÃ¶zlemledi . Bu miktarn %99â€™'}]"
Altcoin Haberleri,,"[{'summary_text': ""Etherscan'dan toplad verileri web sitesinde yaynlayarak SHIB yakmn izleyen bir platform olan Shibburn'de, geÃ§tiimiz zaman iÃ§inde SHIBI yakma orannda tek bir bÃ¼yÃ¼k iÅŸlem nedeniyle %27,510'luk devasa""}]"
Bitcoin Fiyat Tahmini: SEC GÃ¼venlik Zaafiyeti ve ETF KargaÅŸasÄ± ArasÄ±nda 46.000 DolarÄ±n AltÄ±na Geriledi,2024-01-10 07:20:31+00:00,"[{'summary_text': 'Bitcoinâ€™in fiyat o srada 46.000 dolar civarndayd . Bu seviyeler, olas dÃ¼ÅŸÃ¼ÅŸlerin iÃ§in, ksa sÃ¼rekli geliÅŸen dijital . The SEC has not approved the listing and trading of spot bitcoin exchange-traded products.'}]"
Bitcoin Haberleri,,"[{'summary_text': ""Bitcoin ETF'ini onaylama ihtimali ile ilgili artan beklentilerin etkisiyle 47.000 dolarn Ã¼zerine Ã§kt bir spot .""}]"
Ukrayna Merkez BankasÄ±â€™ndan Beklenmedik Karar: Bitcoin BaÄŸÄ±ÅŸlarÄ±na RaÄŸmen Kripto Reddi!,2024-01-10 07:00:08+00:00,[{'summary_text': 'Ukraynaâ€™nn kripto para birimlerinini uluslararas uygulamalarn ve metodolojileri dikkate alacani gÃ¶steriyor . Rozhkova ayrca Avrupa Birliiâ€™nin Kripto Varlk Piyasalar (MiCA) mevzuat'}]
Blockchain Haberleri,,"[{'summary_text': ""Kuzey Kore'nin destekledii bilinen bilgisayar korsanl grubu Lazarus Group bir ay aÅŸkn sÃ¼renin en bÃ¼yÃ¼k iÅŸlemi olarak, bir mixer araclyla 1,2 milyon dolar deerinde kripto para transferi gerÃ§ekleÅŸtirdi .""}]"
Bitcoin Ayâ€™a UlaÅŸmaya Ã‡alÄ±ÅŸÄ±yor: FÄ±rlatÄ±lan Uzay Gemisi Beklenmeyen Sorunlarla MÃ¼cadele Ediyor,2024-01-10 06:42:44+00:00,"[{'summary_text': 'BitMEXâ€™in bu adm, kripto para birimlerinin ve teknolojik ilerlemelerden ve potansiyeli sznts hedefliyor . Peregrineâ€™in itiÅŸ sorunu nedeniyle GÃ¼neÅŸâ€™e yeniden yÃ¶nlendirmek iÃ§in baÅŸ'}]"
Bitcoin Tarih Yazabilir: 2016 Rallisinden Esinlenen BÃ¼yÃ¼k YÃ¼kseliÅŸ KapÄ±da!,2024-01-09 20:31:30+00:00,"[{'summary_text': 'BTC, yatrmclarn ve piyasa gÃ¶zlemcilerinin bÃ¼yÃ¼k bir dÃ¶neme giriyor . Bu teknikâ€™in Aralk 2017â€™de tÃ¼m zamanlarda sra, Moustache, Bitcoinâ€™in borsa endeksleriyle olan korelasyonuna da, bu '}]"
"SEC BaÅŸkanÄ± Gensler, YaklaÅŸan Spot Bitcoin ETF KararÄ± Ã–ncesinde Ä°kinci UyarÄ±da Bulundu",2024-01-09 19:02:32+00:00,"[{'summary_text': 'SEC BaÅŸkan Gensler kripto alannda dikkatleri Ã¼zerine Ã§ekti . GÃ¼nderileriyle, son gÃ¼nÃ¼ Xâ€™te, yaynlanan bir Ã¶nceki tweetâ€™inde . Crypto asset securities may be marketed as new opportunities but there are serious risks involved .'}]"
"SEC BaÅŸkanÄ± Gary Gensler, Spot Bitcoin ETF KararÄ± Ã–ncesinde Kripto YatÄ±rÄ±mcÄ±larÄ±na Seslendi",2024-01-09 07:12:43+00:00,"[{'summary_text': 'SEC BaÅŸkan Gary Gensler, Spot Bitcoin ETF Karar ncesinde Kripto Yatrmclarna Seslendi Amerika BirleÅŸik Devletleri Menkul Kymetler ve Borsa Komisyonu (SEC) bir konu araclyla kripto varlk yasalarm yatr'}]"
"Kuzey Koreli Lazarus Grubu 1,2 Milyon DolarlÄ±k Bitcoin TaÅŸÄ±dÄ±",2024-01-08 19:18:25+00:00,"[{'summary_text': 'Kuzey Koreâ€™nin destekledii bilinen bilgisayar korsanlar en bÃ¼yÃ¼k iÅŸlemi olarak, bir mixer araclyla 1,2 milyon dolar deerinde kripto para transferi gerÃ§ekleÅŸtirdi. gm The Lazarus Group just made its biggest transactions in over a month, withdrawing $1M in BTC'}]"
2024â€™Ã¼n en iddialÄ± 5 Memecoinâ€™i. Top 5 Memecoin Listesi,,"[{'summary_text': 'Top 5 Memecoin Listesi Bir sonraki bÃ¼yÃ¼k kripto yatrm frsatn arayanlar . Bu videoda, deer kazanma potansiyeline sahip en iyi meme coinlerini listeliyoruz:'}]"
Sponge V1 Gibi 100x Yapar mÄ±? Sponge v2 Ã–n SatÄ±ÅŸÄ±,,[{'summary_text': 'Sponge V1 Gibi 100x Yapar m? V1 listelemelerde 100x baÅŸars elde etmiÅŸti . Ekip bu kez v2â€™de de de ayn yÃ¼kseliÅŸi vaat ediyor .'}]
Kripto Paralar 2024â€™e HÄ±zlÄ± Girdi! Bitcoin ve Ethereumâ€™da YÃ¼kseliÅŸ SÃ¼rÃ¼yor!,,[{'summary_text': 'Bitcoin ve Ethereumâ€™da YÃ¼kseliÅŸ SÃ¼rÃ¼yor! Kripto piyasasnda son geliÅŸmeleri kaÃ§rmayn!'}]
Bitcoin BorsalarÄ±nda Kripto Para Listeleme ve Delist DuyurularÄ±: 9 Ocak 2024,2024-01-09 06:27:03+00:00,[{'summary_text': 'Bir ÅŸeyi mi kaÃ§rdk? Yeni listelemeler ve/veya listeden Ã§karmalar hakknda bilginiz var m? Buradan bize bildirin . AscendEX Listeleme: Dogihub (HUB) Quark (QUARK) Ordinals OS (ODOS) Restake Finance (RSTK) ZKFair (ZKF) Bin'}]
"Bitcoin ETF OnayÄ± Ä°Ã§in YÃ¼ksek Beklenti: Bloomberg %90, Polymarket Ä°se %83 OlasÄ±lÄ±k Veriyor",2024-01-08 19:46:08+00:00,"[{'summary_text': 'Bu ETFâ€™ler, Ã¶zellikle Amerika BirleÅŸik Devletleriâ€™ndeki profesyonel yatrmclara hitap etmeyi amaÃ§lyor . Bu sÃ¼reÃ§te, Grayscale Investments, Valkyrie, ARK 21Shares ve Invesco gibi dier Ã¶nemli undrketler .'}]"
Bitcoinâ€™de Åifreli Mesaj Ã‡Ä±lgÄ±nlÄ±ÄŸÄ±: 9 MB Veriye 64.000 Dolar Ã–dedi,2024-01-08 13:31:08+00:00,"[{'summary_text': 'BREAKING: Someone just spent >1 BTC to inscribe 8.93 MB of raw binary data into Bitcoin . Bu yaztlarn iÃ§erii ve amac belirsiz kald . Ord.io, bu durumun 2010 ylnda Bitcoin ile pizza satn alnmasna bir atf olabileceini id'}]"
"BlackRock Bitcoin ETFâ€™i Ä°Ã§in GÃ¶zler Ã‡arÅŸamba GÃ¼nÃ¼nde, Onay Gelebilir!",2024-01-07 20:39:32+00:00,"[{'summary_text': 'BZX borsas ise geÃ§tiimiz hafta VanEck, WisdomTree, Pando Asset AG ve Franklin Templeton iÃ§in benzer baÅŸvurularda bulundu . ABD Menkul Kymetler ve Borsa Komisyonuâ€™nun (SEC), yaynlann â€œtarihi boyutlarda bir dÃ¼zenle'}]"
Bitcoin Fiyat Tahmini: Bitcoin ETF KararÄ± SonrasÄ± YÃ¼kseliÅŸ Devam Edecek mi?,2024-01-09 13:36:21+00:00,"[{'summary_text': 'Bitcoinâ€™in fiyat, Amerika BirleÅŸik Devletleri Menkul Kymetler ve Borsa Komisyonuâ€™nun (SEC) onaylayacana dair artan spekÃ¼lasyonlar sonucu Nisan 2022â€™den bu yana en yÃ¼ksek olmann Ã¶tesinde, #Bitcoin is just around the corner'}]"
Bitcoin ile Nasdaq ArasÄ±ndaki Korelasyon Sona Erdi: 40 GÃ¼n Sonunda Ä°liÅŸki SÄ±fÄ±ra Ä°ndi,2024-01-09 12:22:12+00:00,"[{'summary_text': 'Bitcoin ve Nasdaq arasndaki sfra dÃ¼ÅŸtÃ¼Ã¼ gÃ¶rÃ¼ldÃ¼ . Korelasyon deerleri, endeksin ve Bitcoinâ€™in zaman iÃ§indeki fiyat hareketlerini inceleyen matematiksel bir balantya iÅŸaret eder .'}]"
"Eski SEC BaÅŸkanÄ± Clayton: Bitcoin ETF OnayÄ± KaÃ§Ä±nÄ±lmaz, Sadece Zaman Meselesi!",2024-01-09 11:49:29+00:00,"[{'summary_text': 'Jay Claytonâ€™n yorumlar, SECâ€™in spot Bitcoin ETFâ€™in yaknda onaylanacanna bir adm olduunu belirtti. Bu aÃ§klamalar, Bitcoinâ€™in son yÃ¼kseliÅŸinin ardndan gelen ve Ã§alkantl bir an Ã§ok daha iyi oldu'}]"
"Bitcoin ETF HeyecanÄ±yla BTC FiyatÄ± 47.000 DolarÄ± GÃ¶rdÃ¼, Peki Åimdi Ne Olacak?",2024-01-09 07:35:45+00:00,"[{'summary_text': 'Bitcoin ETF Heyecanyla BTC Fiyat 47.000 Dolar GÃ¶rdÃ¼, Peki imdi Ne Olacak? Bu beklenti, Bitcoinâ€™in gÃ¼n iÃ§inde %7 orannda deer kazanarak yln baÅŸndan bu yana ilk kez %11â€™e Ã§karmasn salad '}]"
Ethereumâ€™un YasaklandÄ±ÄŸÄ± ve Yasal OlduÄŸu Ãœlkeler,,"[{'summary_text': 'Ethereumâ€™un Yasakland Ãœlkeler Ethereum ve dier kripto para birimlerinin yasaklanmÅŸtr . BÃ¶lgelerde, Ethereum ile ilgili kurallar varken, sadece Ethereumâ€™a iÃ§in de geÃ§erlidir. Baz Ã¼lkelerin yan sahip olmay bile hapis n'}]"
Kredi KartÄ± ile Bitcoin NasÄ±l AlÄ±nÄ±r?,,"[{'summary_text': 'Bitcoin almann en hzl yolu, bu iÅŸlemi kredi kartyla ile gerÃ§ekleÅŸtirmektir . rnein, Ã§ou borsa sadece VISA ve MasterCard . Changelly.com Kredi veya Banka Kart ile Bitcoin Almak Bitcoin ATMâ€™yi bulabilirsiniz.'}]"
Dev Bankadan Bitcoin Fiyat Tahmini â€“ 2024 ve 2025â€™te BTC Hangi Seviyeye UlaÅŸacak?,2024-01-09 06:52:18+00:00,"[{'summary_text': 'Bitcoin Fiyat Tahmini â€“ 2024â€™te BTC Hangi Seviyeye UlaÅŸacak? Standard Chartered Bank, potansiyel spot Bitcoin borsa yatrm fonlarnn ardndan Bitcoinâ€™in deerinde Ã¶nemli bir artÅŸ bekliyor ve BTCâ€™nin 2025 ylna kadar 200.000 dolar se'}]"
"ETF BaÅŸvurularÄ± Sona Erdi, Bitcoin YÃ¼kseliÅŸe GeÃ§ti",2024-01-08 18:44:11+00:00,"[{'summary_text': 'Bu sÃ¼reÃ§te BlackRock, Ark Invest/21Shares, VanEck, WisdomTree, Invesco, Fidelity ve Valkyrie gibi Ã¶nemlarn SECâ€™e iletti . Bu geliÅŸme, Nisan 2022â€™den bu ihtimali biraz daha dÃ¼ÅŸÃ¼k, yaklaÅŸk %84 seviyesini .'}]"
SECâ€™in Bitcoin ETF KararÄ± YaklaÅŸÄ±rken Ãœcretler AÃ§Ä±klandÄ±,2024-01-08 14:49:38+00:00,"[{'summary_text': 'SECâ€™in Bitcoin ETF Karar YaklaÅŸrken Ãœcretler AÃ§kland Amerika BirleÅŸik Devletleri Menkul Kymetler ve Borsa Komisyonuâ€™na (ETF) baÅŸvurusu, bu hafta kripto para piyasasnda Ã¶nemli bir dÃ¶nem baÅŸlatabilir . Bitwise, Valkyrie,'}]"
"Honduras Ã–zel Ekonomik BÃ¶lgesi, Bitcoinâ€™i Resmen TanÄ±ma KararÄ± AldÄ±!",2024-01-08 12:53:36+00:00,"[{'summary_text': 'Hondurasâ€™n Roatan Adasâ€™ndaki Ã¶zel ekonomik bÃ¶lge (SEZ), PrÃ³spera ZEDE, Bitcoinâ€™i (BTC) Ã§eÅŸitli finansal iÅŸlemler iÃ§in Bitcoinâ€˜in kabul edilebilirliini salyor . Prospera recognises #Bitcoin as a unit of account!'}]"
"Bitcoin Fiyat Tahmini: SEC UyarÄ±larÄ±, ETF OnayÄ± ve %6000â€™lik BÃ¼yÃ¼me Beklentisi",2024-01-08 12:27:48+00:00,"[{'summary_text': 'SECâ€™in bu uyars, 6 Ocakâ€™ta yapld ve Ã¶zellikle kripto para birimlerinin tantmnn tehlikeleri konusunda daha bilinÃ§li ve â€˜FOMOâ€™ yatrmclarn, aralarnda Bloombergâ€™den Eric Balchunasâ€™'}]"
Bitcoin ETF OnayÄ± Ä°Ã§in Kritik Hafta: SEC KararÄ±nÄ± AÃ§Ä±klayabilir!,2024-01-08 07:49:15+00:00,"[{'summary_text': 'Bu hafta, Amerika BirleÅŸik Devletleri Menkul Kymetler ve Borsa Komisyonuâ€™nun (SEC) Ã§eÅŸitli bir karar vermesi bekleniyor . SECâ€™in her iki baÅŸvurularnn yan sabah olarak belirlendi .'}]"
"Bybit CEOâ€™sundan Dikkat Ã‡ekici Yorum: Kurumlar Bitcoinâ€™e DeÄŸil, ETFâ€™e Ä°htiyaÃ§ Duyuyor",2024-01-08 07:03:04+00:00,"[{'summary_text': 'Bitcoinâ€™in bir varlklara gÃ¶re daha iyi performans gÃ¶sterme yeteneine olan gÃ¼venini ifade etti . Bybit CEOâ€™su Ben Zhou, kurumlar iÃ§in gerekliliine vurgu yaparak . Ancak artk BlackRock ve dier geleneksel finans (TradFi) se'}]"
Bitcoin Fiyat Tahmini: ETF KararÄ± YaklaÅŸÄ±rken BTC 50.000 Dolara UlaÅŸabilir mi?,2024-01-06 15:00:09+00:00,"[{'summary_text': 'Bu yÃ¼kseliÅŸyla birlikte, bu potansiyel geliÅŸmenin etkileri kripto para birimlerininin daha geniÅŸ Ã§apta benimsenmesini teÅŸvik edebiliyor . Bu gÃ¼ncellemeler, Bitcoinâ€™in olas yatrmclarna '}]"
"SEC, Ethereumâ€™u DolaylÄ± Olarak Emtia Olarak TanÄ±yarak ETF Yolunu AÃ§tÄ±",2024-01-05 20:19:44+00:00,"[{'summary_text': 'Seyffart, Austos aynda VanEck, ProShares, Bitwise ve Valkyrie tarafndan sunulan fonlarn toplu olarak onaylanmasna atfta bulunarak SECâ€™in Ethereum vadeli iÅŸlemleri bir aÃ§klama yaplacan belirtti . Bu'}]"
Ethereum Haberleri,,[{'summary_text': ': . :: ! !. !! .. .'}]
"Arkham Intelligence: Donald Trump 2,4 Milyon DolarlÄ±k Ethereum SattÄ±",2023-12-28 17:56:04+00:00,"[{'summary_text': ""Arkham Intelligence, eski ABD BaÅŸkan Donald Trumpâ€™n, 2.4 milyon dolar deerinde Ethereum (ETH) sattn rapor etti . 3 weeks ago he started sending ETH to Coinbase after months of accumulating Trump NFT royalties . His peak balance was $4 million, so far he's sold 1,075 ETH for $2.4 million .""}]"
"SEC, Invesco Galaxyâ€™nin Ethereum ETFâ€™ine Ä°liÅŸkin KararÄ± Åubat 2024â€™e Erteledi",2023-12-14 11:24:54+00:00,"[{'summary_text': 'SECâ€™in BlackRockâ€™un baÅŸvurusuna iliÅŸkin Karar ubat 2024â€™e Erteledi ABD Menkul Kymetler ve Borsa Komisyonuâ€™nun (SEC), Invesco Galaxyâ€™nin spot Ethereum borsa yatrm fonu (ETF), BaÅŸlangÃ§ta 23 Aralk 2023 olarak beklenirken, S'}]"
"Åangay GÃ¼ncellemesiyle Ethereum ArzÄ± DÃ¼ÅŸÃ¼yor, Ä°ÅŸte Son Durum",2023-12-12 21:38:26+00:00,"[{'summary_text': 'EylÃ¼l ayndan bu yana 309,500â€™den fazla coin azald . Yakma oran, son alt haftada angay gÃ¼ncellemesiyle Ethereumâ€™u Nasl Deflasyonist Yapt?'}]"
"SEC, Grayscaleâ€™in Spot Ethereum ETF BaÅŸvurusu KararÄ±nÄ± Ocak 2024â€™e Erteledi",2023-12-06 14:37:26+00:00,"[{'summary_text': ""SEC, Grayscaleâ€™in Spot Ethereum ETF BaÅŸvurusu Kararn Ocak 2024â€™e Erteledi ABD Menkul Kymetler ve Borsa Komisyonu (SEC), Grayscale'in sunduu Ethereum tabanl borsa yatrm fonu, Ã¶nerilen dÃ¼zenleme deiÅŸiklikleri ve ilgili kon""}]"
"Vitalik Buterin, Ethereum Ä°Ã§in BÃ¼yÃ¼k DeÄŸiÅŸiklik PlanlarÄ± AÃ§Ä±kladÄ±",2023-11-27 11:19:59+00:00,"[{'summary_text': 'Ethereumâ€™un genel ademi merkeziyetini artrmak ve daha salklnn teÅŸvik edilmesinin Ã¶nemini vurgulad . Bu yÃ¼kseltme, Ethereum anda verimliini ve Ã¶lÃ§eklenebilirlik ve soma olarak gÃ¶rÃ¼lÃ¼yor'}]"
Anonim Balina Blast L2 Projesine 20 Milyon DolarlÄ±k Ethereum YatÄ±rdÄ±,2023-11-23 20:18:20+00:00,[{'summary_text': 'Blast: The only Ethereum L2 with native yield for ETH and stablecoins . Weâ€™ve raised $20m from @Paradigm and @StandardCrypto to build the L2 that helps you earn more .'}]
BlackRock Spot Ethereum ETF BaÅŸvurusunu DosyaladÄ±,2023-11-16 21:27:24+00:00,"[{'summary_text': 'BlackRockâ€™un spot Ethereum ETF baÅŸvurusunu onaylanmas, geleneksel finans andrketlerinin kripto alannda kendilerini daha fazla konumlandrmaya yÃ¶nelik geniÅŸ bir iÅŸareti olabilir . Ayn zamanda, BlackRock bir spot Ethereumâ€™un fiyatna '}]"
AralÄ±k 2023â€™te Bitcoin Blockchain Ãœzerinde NFT SatÄ±ÅŸlarÄ± Rekor KÄ±rdÄ±,2024-01-01 09:39:44+00:00,[{'summary_text': 'Aralk aynda gerÃ§ekleÅŸen NFT satÅŸlarndan bir dÃ¶nÃ¼m noktasna ulaÅŸarak 881 milyon dolar aÅŸt . Bitcoinâ€™in kÃ¼Ã§Ã¼k birimi olan bireysel satoshilere veri yazlarak oluÅŸturuluyor .'}]
NFT News,,"[{'summary_text': ""279 yllk bir geÃ§miÅŸe Ã¼nlÃ¼ mÃ¼zayede evi Sotheby's, 2023'te dijital sanat satÅŸlarndan yaklaÅŸk 35 milyon dolar kazanÃ§ elde etti.""}]"
"Sanat DÃ¼nyasÄ±nda Dijital Ã‡aÄŸ: Sothebyâ€™s, 2023â€™te 35 Milyon DolarlÄ±k NFT SatÄ±ÅŸÄ± YaptÄ±",2023-12-25 22:02:13+00:00,"[{'summary_text': 'Sanat DÃ¼nyasnda Dijital a: Sothebyâ€™s, 2023â€™te 35 Milyon Dolarlk NFT SatÅŸ Yapt 279 yllk bir geÃ§miÅŸe sahip Ã¼nlÃ¼ mÃ¼zayede . Bu baÅŸar, sanat sektÃ¶rÃ¼nÃ¼n yÃ¼kseliÅŸini gÃ¶'}]"
BitcoinShrooms: Sothebyâ€™s MÃ¼zayedeyle Bitcoinâ€™in 13 YÄ±lÄ±na PiksellenmiÅŸ Bir BakÄ±ÅŸ Sundu,2023-12-15 16:38:34+00:00,"[{'summary_text': 'Bitcoinâ€™in 13 Ylna PiksellenmiÅŸ Bir BakÅŸ Sundu nde gelen mÃ¼zayede evi Sothebyâ€™s . irketin web sitesine gÃ¶re, â€œBitcoinâ€™in tarihi, kÃ¼ltÃ¼rÃ¼ ve temel teknik Ã¶zelliklerinin incelikli dokusunu ve el yapm bir'}]"
"Robloxâ€™un Yeni Oyunu Kingship Islands, Bored Ape AvatarlarÄ±nÄ± AÄŸÄ±rlÄ±yor",2023-12-01 23:14:11+00:00,"[{'summary_text': 'Robloxâ€™un Yeni Oyunu Kingship Islands, Bored Ape Avatarlarn Arlyor . Universal Music Groupâ€™un 22:22PM tarafndan geliÅŸtirilen Kingship, â€œKingship Islandsâ€ adl interaktif bir oyunun lansman ile varln geniÅŸletti. Bu yenilikÃ§i yaklaÅŸm,'}]"
NFT DÃ¼nyasÄ±na Disney DokunuÅŸu â€“ Heyecan Verici Yeni NFT Platformu Geliyor,2023-11-14 22:53:23+00:00,"[{'summary_text': 'DÃ¼nyasna Disney DokunuÅŸu â€“ Heyecan Verici Yeni NFT Platformu Geliyor Disney, dijital pin NFT platformu baÅŸlatmak iÃ§in NBA Top Shotâ€™n yaratcs Dapper Labs ile ortaklk kurduunu duyurdu . Disney Pinnacle adn taÅŸyor ve '}]"
Bitcoin FiyatÄ±nÄ±n YÃ¼kselmesiyle NFT PiyasasÄ±nda Ordinals ve EtherRock RÃ¼zgarÄ± Esmeye BaÅŸladÄ±,2023-11-11 11:36:02+00:00,"[{'summary_text': 'EtherRock koleksiyonlarn yÃ¼kselmesiyle NFT Piyasasnda yaÅŸanan son canlanma . Bu NFTâ€™ler, 100.000 dolar aÅŸmas ve yatrmclar ve Ethereumâ€™un 2.100 . BTCâ€™lerin yeniden GÃ¶z nÃ¼nde Ether Rock #95â€™in bu'}]"
"Nike ve RTFKT Ä°ÅŸ BirliÄŸi PiyasayÄ± SalladÄ± â€“ NFT SatÄ±ÅŸlarÄ± 1,4 Milyar DolarÄ± GeÃ§ti",2023-11-06 13:28:52+00:00,"[{'summary_text': 'Nike ve RTFKT ÅŸ Birlii Piyasay Sallad â€“ NFT SatÅŸlar 1,4 Milyar Dolar GeÃ§ti Spor giyim sektÃ¶rÃ¼nÃ¼n Ã¶ncÃ¼sÃ¼ Nike, sanal ayakkab ve koleksiyon bir kÃ¢ra ulaÅŸarak, endÃ¼striyel dinamikleri '}]"
Starbucks Pumpkin Spice Latteâ€™nin 20. YÄ±lÄ±nÄ± NFT KoleksiyonlarÄ±yla Kutluyor,2023-10-05 13:14:32+00:00,[{'summary_text': 'Yln NFT Koleksiyonlaryla Kutluyor Kaynak . Starbucksâ€™n popÃ¼ler iÃ§ecei 20 yaÅŸnda ve bu Ã¶zel gÃ¼nÃ¼ kutlamak - zinciri zel non-fungible token (NFT)'}]
"Japon E-Ticaret Devi Mercari, Bitcoin Ã–demelerini Kabul Etmeye BaÅŸlayacak",2024-01-08 07:20:25+00:00,"[{'summary_text': 'Japon E-Ticaret Devi Mercari, Bitcoin demelerini Kabul Etmeye BaÅŸlayacan duyurdu . Nikkeiâ€™nin raporuna gÃ¶re, firma bu hizmeti Tokyo merkezli kripto yan kuruluÅŸu Melcoin araclyla salayack . Bu sistem, alclarn '}]"
"Efsanevi Bitcoin CÃ¼zdanÄ± Harekete GeÃ§ti: 1,17 Milyon DolarlÄ±k Gizemli Transfer",2024-01-07 20:20:52+00:00,"[{'summary_text': 'Bu olaan dÅŸ iÅŸlem, Ã¶zellikle bir boÅŸ cÃ¼zdandan yaplan transfer nedeniyle dikkatleri Ã¼zerine Ã§ekti . Nakamotoâ€™nun mesajlarndaki zaman damgalar da, onun birden fazla kiÅŸinin dahil olabileceini Ã¶ne'}]"
"VanEck, Bitcoin ETF Gelirinin Bir KÄ±smÄ±yla Bitcoin GeliÅŸtiricilerini Destekleyecek",2024-01-06 20:04:08+00:00,"[{'summary_text': 'VanEck, Brinkâ€™e 10.000 dolar baÅŸlayarak bu alana olan uzun vadeli bir aÃ§ln vurgulad . SEC, BTC ve ksmyla Bitcoin ETFâ€™lerine iliÅŸkin potansiyel onaylasa da, eer bÃ¼yÃ¼klÃ¼Ã¼ takip ediy'}]"
Solana Fiyat Tahmini: SOL 100 DolarÄ±n AltÄ±na DÃ¼ÅŸtÃ¼ â€“ YatÄ±rÄ±m Ä°Ã§in DoÄŸru Zaman mÄ±?,2024-01-06 19:33:55+00:00,[{'summary_text': 'Solanaâ€™nn fiyat 100 dolarn altna dÃ¼ÅŸtÃ¼ â€“ Yatrm Ã§in Doru Zaman m? Bu zorluklarla kripto para birimlerindeki yÃ¼kseliÅŸlere kyasla dalgalanmalarn (ETFâ€™ler) ve kazanma yetene'}]
Price Predictions,,[{'summary_text': 'Genel olarak kripto para piyasasndaki iyimser eilime ramen.'}]
"Hashdex, Spot Bitcoin ETF TanÄ±tÄ±mÄ± Ä°Ã§in Yeni Reklam KampanyasÄ±nÄ± BaÅŸlattÄ±",2024-01-05 19:48:08+00:00,"[{'summary_text': 'Hashdex, ayrca dijital varlk yÃ¶netimi firmas BaÅŸlatt . Bu reklamda â€œBitcoinâ€™in Zaman Geldiâ€ ifadesi kullanld . u anda, SECâ€™in ABDâ€™de Bitcoin ETFâ€™lerine onayn uzun sÃ¼re erteledi .'}]"
"Bitcoin Fiyat Tahmini: BTC 43.000 DolarÄ± GÃ¶rdÃ¼, 50.000 DolarlÄ±k Zirve YakÄ±n mÄ±?",2024-01-05 19:29:10+00:00,"[{'summary_text': 'BTC/USD, kripto para birimleri dÃ¼nyasnda Ã¶ne Ã§kan ve kÃ¼resel finans sahnesinde Ã¶nemli ilerlemelere iÅŸaret eden bir varlk olarak dikkat Ã§ekiyor. Bu, yatrmclarn ve piysasa deeriyle'}]"
2024â€™te Beklenen Spot Bitcoin ETF OnayÄ±na Mali DanÄ±ÅŸmanlar ÅÃ¼pheyle BakÄ±yor â€“ Ä°ÅŸte Anket SonuÃ§larÄ±,2024-01-05 14:21:23+00:00,"[{'summary_text': 'ÅŸte Anket SonuÃ§lar Bitwise ve ETF veri salaycs VettaFi tarafndan yaplan yeni bir ankete gÃ¶re . Anket, mÃ¼ÅŸterilerin kriptoya olan ilgisinin devam ettiini gÃ¶sterirken, dÃ¼zenleyici belirsizlikler '}]"
2024 Ethereum Fiyat Tahmini: ETH TÃ¼m ZamanlarÄ±n En YÃ¼ksek Seviyesini AÅŸabilir mi?,2024-01-05 12:24:44+00:00,"[{'summary_text': 'ETHâ€™un fiyatnn, son haftada %5 ve son 30 gÃ¼nde %1,4 orannda deer kaybettiine iÅŸaret ediyor. Bu haftalarda aÅŸrna yeni salklarn bir bir konuma getirebilir . Bitcoin Minetrixâ€™in Ã¶n s'}]"
"Arthur Hayes, Bitcoin FiyatÄ±nda BÃ¼yÃ¼k DÃ¼zeltme Ä°Ã§in Tarih Verdi â€“ Ä°ÅŸte Detaylar",2024-01-05 11:30:21+00:00,"[{'summary_text': 'Arthur Hayes, Bitcoin Fiyatnda BÃ¼yÃ¼k DÃ¼zeltme Ã§in Tarih Verdi â€“ ÅŸte Detaylar BitMEXâ€™in kurucu orta . È™te, ayrntl bir gÃ¶nderide ifade ederek, devam eden kripto boa piyasasnd a â€œtur'}]"
"Celsius Network, AlacaklÄ±larÄ±na Ã–deme Yapmak Ä°Ã§in Ethereum VarlÄ±klarÄ±nÄ± Serbest BÄ±rakacak",2024-01-05 07:44:29+00:00,"[{'summary_text': 'Celsius Network, alacakllarna deme Yapmak Ã§in Ethereum Varlklarn datmak amacyla kripto para kredi kuruluÅŸu Celsius Network . Yeniden yaplanma bir aÃ§klamada sÃ¼reci boyunca ortaya Ã§kan belirli maliyetleri'}]"
"ABD SEC, Coinbase ve Binance KararlarÄ±nda Terraform DavasÄ±nÄ± Referans AldÄ±",2024-01-05 07:30:04+00:00,"[{'summary_text': 'ABD SEC, Coinbase ve Binance Kararlarnda Terraform Davasn Referans Ald Amerika BirleÅŸik Devletleri Menkul Kymetler kanununa aykr hareket ettii iddiasyla, Terraform Labs, kripto para borsalarna atfta bulundu . Sal g'}]"
SECâ€™in Birden Fazla Bitcoin ETF BaÅŸvurusunu OnaylayacaÄŸÄ± Ä°ddialarÄ± ile BTC YÃ¼kseliÅŸe GeÃ§ti,2024-01-05 07:02:41+00:00,"[{'summary_text': 'SECâ€™in Birden Fazla Bitcoin ETF BaÅŸvurusunu Onaylayaca ddialar ile BTC YÃ¼kseliÅŸe GeÃ§ti PerÅŸembe gecesi . Bu haberler, boa yatrmclarnn 45.000 dolar seviyesinin yeniden test edilmesini beklemesine ne'}]"
"Rekor Seviyede Volatilite Bekleniyor: Bitfinex, SECâ€™in Bitcoin ETF KararÄ±nÄ±n Etkilerini DeÄŸerlendirdi!",2024-01-05 06:35:19+00:00,"[{'summary_text': 'Bitcoin piyasasnda olaanÃ¼stÃ¼ bir volatilite potansiyeli olduuna iÅŸaret ediyor ve bu durum, tÃ¼rev yatrmclarn yÃ¼ksek . mplied Volatility (IV), %41,1â€™lik tarihsel volatilitlite seviyesin'}]"
"Kripto Para BorsasÄ± Binance, 10 Gizlilik OdaklÄ± Coinâ€™i Delist Edebilir",2024-01-04 22:34:18+00:00,"[{'summary_text': 'Bu durum, gizlilik odakl kripto para borsas Binance, dÃ¼zenleyici endiÅŸeler nedeniyle, Monero, Zcash ve Horizen dahil olmak Ã¼zere . Binance Avrupa yasalarna uyum salamak aÃ§klamada, bu k'}]"
DeFi Haberleri,,"[{'summary_text': 'Merkeziyetsiz bir borsa olan dYdX, platforma yÃ¶nelik bir saldr nedeniyle ortaya Ã§kan . iÃ§in sigorta fonunu kullanmak zorunda kald .'}]"
Bitcoin Fiyat Tahmini: BTC Ani Ã‡Ã¶kÃ¼ÅŸten YÃ¼kseldi â€“ SatÄ±ÅŸ Bitti mi?,2024-01-04 22:05:17+00:00,"[{'summary_text': 'Bitcoinâ€™in yaklaÅŸk 44.000 dolarlk bir fiyatla iÅŸlem gÃ¶rÃ¼yor ve son 24 saat iÃ§inde %3,50â€™lik bir artÅŸ yaÅŸad . Bu durum, kripto para biriminin Ã¶nemli bir noktada bulunduunu gÃ¶steriyor. Pivot at $4'}]"
"Konyaâ€™da Ä°lginÃ§ BoÅŸanma DavasÄ±: Koca, EÅŸinin Bileziklerini Kripto Para YatÄ±rÄ±mÄ±na HarcadÄ±, Mahkeme BoÅŸanmaya Karar Verdi",2024-01-04 21:00:19+00:00,"[{'summary_text': 'Mahkeme BoÅŸanmaya Karar Verdi Konyaâ€™da yaÅŸanan bir olayda, Esma K., kocas Davut K.â€™nn kolundaki bileziklerini zorla alp kripto para piyasasnda, yatrm ar kusur olarak deerlendirerek,'}]"
Kursen pÃ¥ Bitcoin runder 300.000 kr. â€“ Mulig ETF-godkendelse pÃ¥ vej,2024-01-03 07:42:43+00:00,"[{'summary_text': 'Kursen for Bitcoin har startet 2024 ud med et brag . Vi skulle sledes ikke meget lngere end til 2. januar, fr kursen rundede de 300.00 kr. â€“ eller $45.000 . Det er om en snarlig godkendelse af Bitcoin som ETF .'}]"
Ny regulering pÃ¥ vej i 40 lande â€“ Hvordan er kryptovaluta reguleringen i Danmark?,2023-12-20 12:56:13+00:00,"[{'summary_text': 'Man har i flere EU-lande, Japan og Bahamas sledes gjort betydelige fremskridt mht . Dette er endnu et tegn p en voksende global tendens i retning af kryptomarkederne . Danske banker kan angiveligt komme til at udbyde stablecoin'}]"
AI kan skabe Web3-lÃ¸sninger pÃ¥ rekordtid,2023-08-31 02:51:02+00:00,"[{'summary_text': 'Iflge en af Googleâ€™s topledere, James Tromans, kan AI allerede nu bruges til at lancere Web3-lsninger utroligt hurtigt . Dette kan p lngere sigt ndre kryptovalutamarkedet, at nye web3-produkter â€“ og Google er ikke no'}]"
UFO-hÃ¸ringer skaber krypto-vanvid: Over 50 nye alien-shitcoins,2023-07-30 19:08:00+00:00,"[{'summary_text': 'Der er tidligere medlem af en UAP-taskforce ved Pentagon â€“ og udnytte nyheden . har vret opmrksom p â€œikke-menneskeligâ€ aktivitet siden 1930â€™erne . Han fortalte, at han var blevet ngtet adgang '}]"
Vitalik Buterin er bekymret over Worldcoin,2023-07-25 18:54:00+00:00,"[{'summary_text': 'Buterin har store bekymringer over Worldcoin Kilde: ShutterStock Ethereums medstifter Vitalik Butrein udgav en blog-post . He har har det hverken ville vre ligetil eller hurtigt at skabe et fleksibelt system: ""Jeg misunder bestemt ikke de mennesker, der ptag'}]"
Republikanere fremlÃ¦gger skelsÃ¦ttende krypto-lovforslag,2023-07-22 01:53:00+00:00,"[{'summary_text': 'Republikanere fremlgger skelsttende krypto-lovforslag Kilde: Shutterstock I torsdags fremlagde et udvalg bestende af republikanske politikere . Det har angiveligt til forml at lse den lovmssige tvetydighed, der har plage'}]"
SÃ¥dan udnytter du handel med kryptovalutaer (begynderguide) â€“ daytrading pÃ¥ Bybit,,[{'summary_text': 'Skriv din e-mail for at modtage vores gratis daglige nyhedsbrev 3 min.'}]
Bedste 5 kryptovalutaer at investere og HODL i 2023 â€“ Top kryptovalutaer som kan eksplodere i vÃ¦rdi,,[{'summary_text': 'Skriv din e-mail for at modtage vores gratis daglige nyhedsbrev 3 min.'}]
"Den berÃ¸mte Ã¸konom, der forudsagde de sidste 8 recessioner, siger, at denne gang er anderledes",,"[{'summary_text': 'den bermte konom, der forudsagde de sidste 8 recessioner, siger, at denne gang er anderledes Campbell R. Harvey, professor i finans ved Duke University . Scott Melker og hans medvrt, Dave Wesiberger, til dagens show .'}]"
"Scott Shapiro, seniordirektÃ¸r hos Coinbase, om handelsplatforme, nuvÃ¦rende kryptomarked og Coinbase",,"[{'summary_text': 'Scott Shapiro, seniordirektr hos Coinbase, om handelsplatforme, nuvrende kryptomarked og Coinbase . Crypto har vret en lidenskab, siden han frst opdagede bitcoin i 2013 . Dette fik ham til at forlade nsten et rti med at bygge rekla'}]"
Donald Trump ejer kryptovaluta til en vÃ¦rdi af $500.000,2023-08-14 20:30:00+00:00,"[{'summary_text': 'Indberetningen, der blev sendt til en vrdi p mellem $250k . Det var beskrevet som en â€œkryptovaluta wallet (Ethereum)â€, der indeholdt aktiver . Salget var relativt succesfuldt, og salget startede midt i hans sigtelser.'}]"
